code,lot,quantity
CFL 700.1 ,161115,667
CFL 700.2 ,161115,800
CFL 700.3 ,161115,432
CFL 700.4 ,161115,233
CFL 701.1 ,161115,356
CFL 701.2 ,161116,178
CFL 701.3 ,161116,318
CFL 701.4 ,161116,292
CFL 701.5 ,161116,443
CFL 702.1 ,1610111,434
CFL 702.3 ,1610111,427
CFL 702.4 ,1610111,426
CFL 703.1 ,161110,591
CFL 703.2 ,161111,444
CFL 703.3 ,161111,438
CFL 704.1 ,161103,456
CFL 704.2 ,161103,706
CFL 704.3 ,161103,599
CFL 704.4 ,161103,420
CFL 705.1 ,161031,477
CFL 705.2 ,161029,516
CFL 705.3 ,161030,492
CFL 705.4 ,161031,492
CFL 705.5 ,161031,498
CFL 706.1 ,161105,478
CFL 706.2 ,161105,435
CFL 706.3 ,161107,456
CFL 706.4 ,161107,476
CFL 707.1 ,161119,426
CFL 707.2 ,161119,453
CFL 707.3 ,161121,432
CFL 707.4 ,161120,462
CFL 708.1 ,161030,441
CFL 708.2 ,161109,435
CFL 708.3 ,161109,432
CFL 709.1 ,161102,439
CFL 709.2 ,161102,384
CFL 709.3 ,161102,456
CFL 710.1 ,161114,457
CFL 710.3 ,161114,384
CFL 710.5 ,161114,407
CFL 711.1 ,161116,294
CFL 711.2 ,161112,361
CFL 711.3 ,161111,424
CFL 711.4 ,161111,392
CFL 711.5 ,161111,411
CFL 711.6 ,161111,396
CFL 713.1 ,161029,432
CFL 713.2 ,161112,384
CFL 713.3 ,161113,356
CFL 713.4 ,161112,368
CFL 713.5 ,161112,443
CFL 713.6 ,161113,444
CFL 714.1 ,161116,444
CFL 714.2 ,161116,412
CFL 714.3 ,161116,289
CFL 714.4 ,161116,403
CFL 714.5 ,161116,374
CFL 714.6 ,161116,429
CFL 714.7 ,161116,436
CFL 715.1 ,161108,431
CFL 715.2 ,161108,421
CFL 715.3 ,161108,292
CFL 715.4 ,161108,425
CFL 715.5 ,161108,425
CFL 715.6 ,161109,306
CFL 715.7 ,161109,301
CFL 716.1 ,161113,296
CFL 716.2 ,161029,430
CFL 716.3 ,161113,424
CFL 716.4 ,161114,436
CFL 716.5 ,161113,366
CFL 717.10 ,161114,154
CFL 717.2 ,161115,317
CFL 717.3 ,161115,392
CFL 717.4 ,161115,321
CFL 717.6 ,161115,401
CFL 717.7 ,161114,355
CFL 717.8 ,161115,375
CFL 717.9 ,161114,332
CFL 718.1 ,161101,487
CFL 718.2 ,161101,501
CFL 718.3 ,161031,486
CFL 719.1 ,161111,444
CFL 719.2 ,161120,442
CFL 719.3 ,161120,412
CFL 719.4 ,161120,467
CFL 721.1 ,161103,437
CFL 721.2 ,161102,441
CFL 721.3 ,161102,440
CFL 721.4 ,161102,445
CFL 722.1 ,161026,496
CFL 722.2 ,161026,524
CFL 722.3 ,161111,336
CFL 722.4 ,161012,462
CFL 723.1 ,161110,365
CFL 723.2 ,161110,462
CFL 723.3 ,161101,408
CFL 726.1 ,161114,429
CFL 726.2 ,161114,438
CFL 726.3 ,161114,424
CFL 727.1 ,161105,526
CFL 727.2 ,161105,585
CFL 727.3 ,161103,432
CFL 728.1 ,161031,509
CFL 728.2 ,161031,464
CFL 728.3 ,161026,475
CFL 728.4 ,161030,492
CFL 728.5 ,161031,425
CFL 729.1 ,161029,504
CFL 729.2 ,161029,504
CFL 729.3 ,161029,478
CFL 729.5 ,161028,478
CFL 730.1 ,161112,491
CFL 730.2 ,161029,432
CFL 730.3 ,161112,428
CFL 730.4 ,161111,430
CFL 731.1 ,161029,467
CFL 731.2 ,161028,492
CFL 731.3 ,161029,492
CFL 731.4 ,161029,494
CFL 732.2 ,161103,444
CFL 732.3 ,161103,456
CFL 732.4 ,161103,424
CHA 301.1 ,1608,82
CHA 301.2 ,1604,165
CHA 301.3 ,1606,215
CHA 301.4 ,1604,164
CHA 302.1 ,1613,0
CHA 302.2 ,1610,0
CHA 302.3 ,1607,0
CHA 302.4 ,1606,1
CHA 302.5 ,1609,1
CHA 303.1 ,1607,93
CHA 303.2 ,1605,129
CHA 303.3 ,1607,49
CHA 303.4 ,1607,40
CHA 303.5 ,1607,72
CHA 304.1 ,1611,56
CHA 304.2 ,1606,56
CHA 304.3 ,1608,164
CHA 304.4 ,1609,51
CHA 304.5 ,1610,135
CHA 305.1 ,1606,126
CHA 305.2 ,1605,99
CHA 305.3 ,1604,158
CHA 305.4 ,1607,169
CHA 305.5 ,1606,151
CHA 306.1 ,1609,94
CHA 306.2 ,1608,114
CHA 306.3 ,1612,113
CHA 306.4 ,1609,109
CHA 306.5 ,1606,141
CHA 307.1 ,1603,147
CHA 307.2 ,1603,134
CHA 307.3 ,1606,138
CHA 308.1 ,1011,21
CHA 308.2 ,710,1
CHA 308.3 ,710,23
CHA 308.4 ,1011,71
CHA 309.1 ,16,93
CHA 309.2 ,10,92
CHA 310.1 ,1009,9
CHA 310.2 ,907,35
CHA 311.1 ,507,200
CHA 311.2 ,811,149
CHA 311.3 ,1013,120
CHA 311.4 ,905,212
CHA 311.5 ,605,143
CHA 312.1 ,29,157
CHA 312.2 ,33,128
CHA 312.3 ,28,147
CHA 312.4 ,21,86
CHA 312.4 ,30,64
CHA 313.1 ,807,67
CHA 313.2 ,1013,0
CHA 313.3 ,1013,2
CHA 313.4 ,1013,68
CHA 313.5 ,812,0
CHA 314.1 ,1013,124
CHA 314.2 ,917,72
CHA 314.3 ,1012,121
CHA 315.1 ,26,0
CHA 315.2 ,23,168
CHA 315.3 ,12,111
CHA 315.4 ,65,155
CHA 315.5 ,14,64
CHA 316.1 ,38,1
CHA 316.1 ,39,131
CHA 316.2 ,45,36
CHA 316.2 ,58,224
CHA 316.3 ,16,2
CHA 316.3 ,23,264
CHA 316.4 ,27,3
CHA 316.4 ,30,112
CHA 316.5 ,32,62
CHA 316.5 ,35,110
CHA 317.1 ,1613,0
CHA 317.2 ,1610,2
CHA 317.3 ,1601,81
CHA 318.1 ,606,187
CHA 318.2 ,507,67
CHA 318.3 ,303,24
CHA 318.4 ,301,35
CHA 319.1 ,57,150
CHA 319.2 ,61,93
CHA 319.3 ,6,126
CHA 319.4 ,1,151
CHA 319.5 ,30,52
CHA 319.5 ,41,80
CHA 320.1 ,66,201
CHA 320.2 ,76,181
CHA 320.3 ,21,124
CHA 320.4 ,1,131
CHA 320.5 ,29,91
CHA 321.1 ,301,97
CHA 321.2 ,208,185
CHA 321.3 ,401,0
CHA 321.4 ,403,164
CHA 321.5 ,501,9
CHA 321.6 ,208,120
CHA 322.1 ,39,115
CHA 322.2 ,41,49
CHA 322.3 ,40,62
CHA 322.4 ,36,90
CHA 322.5 ,100,148
CHA 322.6 ,30,2
CHA 322.6 ,44,9
CHA 322.7 ,47,3
CHA 323.1 ,1608,10
CHA 323.2 ,1612,101
CHA 323.3 ,1615,52
CHA 323.4 ,1615,156
CHA 324.1 ,1609,112
CHA 324.2 ,1608,35
CHA 324.3 ,1613,107
CHA 324.4 ,1616,110
CHA 324.5 ,1604,82
CHA 325.1 ,17,67
CHA 325.1 ,18,93
CHA 325.2 ,9,146
CHA 325.3 ,5,156
CHA 325.4 ,15,105
CHA 325.5 ,12,73
CHA 325.5 ,14,83
CHA 325.6 ,1,159
CHA 325.7 ,1,153
CHA 325.8 ,1,221
CHA 326.1 ,28,0
CHA 326.2 ,18,2
CHA 326.2 ,106,113
CHA 326.3 ,38,2
CHA 326.3 ,42,32
CHA 326.4 ,22,164
CHA 326.4 ,23,17
CHA 326.5 ,46,1
CHA 327.1 ,1602,90
CHA 327.2 ,1602,223
CHA 327.3 ,1602,145
CHA 328.1 ,1610141,193
CHA 328.2 ,1610141,72
CHA 328.3 ,1610141,147
CHA 329.1 ,1610141,26
CHA 330.1 ,1604,124
CHA 330.2 ,1602,151
CHA 330.3 ,1604,112
CHA 330.4 ,1601,160
CHA 330.5 ,1602,155
CHA 331.1 ,1605,149
CHA 331.2 ,1606,121
CHA 331.3 ,1609,93
CHA 331.4 ,1606,12
CHA 331.5 ,1603,147
CHA 332.1 ,1602,48
CHA 332.2 ,1602,150
CHA 332.3 ,1602,160
CHA 332.4 ,1602,131
CHA 332.4 ,1603,26
CHA 333.1 ,1602,92
CHA 333.2 ,1602,62
CHA 333.3 ,1602,72
CHA 333.3 ,1603,16
CHA 334.1 ,1602,67
CHA 334.1 ,1603,84
CHA 334.2 ,1602,148
CHA 334.3 ,1602,144
CHA 334.4 ,1602,45
CHA 334.4 ,1603,96
CHA 334.5 ,1602,88
CHA 335.1 ,1602,39
CHA 335.1 ,1603,2
CHA 335.2 ,1602,131
CHA 335.3 ,1602,144
CHA 335.4 ,1602,155
CHA 335.5 ,1602,121
CHA 335.6 ,1602,117
CHA 336.1 ,1602,225
CHA 336.2 ,1602,228
CHA 336.3 ,1602,136
CHA 336.4 ,1602,84
CHA 336.5 ,1602,111
CHA 337.1 ,1602,23
CHA 337.1 ,1603,4
CHA 337.1 ,1604,5
CHA 337.2 ,1602,88
CHA 337.2 ,1603,16
CHA 337.3 ,1602,127
CHA 337.3 ,1603,5
CHA 337.4 ,1602,71
CHA 337.5 ,1602,82
CHA 337.6 ,1601,50
CHA 337.7 ,1601,115
CHA 338.1 ,1602,89
CHA 338.2 ,1603,130
CHA 338.3 ,1602,66
CHA 338.3 ,1603,1
CHA 338.4 ,1602,60
CHA 338.5 ,1602,47
CHA 338.6 ,1602,110
CHO 140.1 ,224,214
CHO 140.1 ,414,1
CHO 140.2 ,706,51
CHO 140.2 ,1214,126
CHO 140.3 ,224,204
CHO 140.3 ,1029,1
CHO 140.4 ,1028,34
CHO 140.4 ,1213,112
CHO 140.5 ,103,193
CHO 140.5 ,302,2
CHO 140.5 ,1029,64
CHO 140.6 ,103,92
CHO 140.6 ,625,29
CHO 141.1 ,706,1
CHO 141.1 ,818,1
CHO 141.1 ,1114,127
CHO 141.2 ,223,171
CHO 141.2 ,1114,19
CHO 141.3 ,102,48
CHO 141.3 ,1114,70
CHO 141.4 ,102,131
CHO 141.4 ,1114,1
CHO 141.5 ,102,48
CHO 141.5 ,706,1
CHO 141.5 ,1114,36
CHO 141.5 ,1223,52
CHO 141.6 ,222,217
CHO 142.1 ,11,1
CHO 142.1 ,12,1
CHO 142.1 ,13,1
CHO 142.1 ,15,41
CHO 142.1 ,16,128
CHO 142.1 ,17,48
CHO 142.2 ,16,27
CHO 142.2 ,18,144
CHO 142.2 ,19,48
CHO 142.3 ,25,6
CHO 142.3 ,27,48
CHO 142.3 ,28,112
CHO 143.1 ,328,18
CHO 143.1 ,1203,49
CHO 143.1 ,1226,1
CHO 143.1 ,151226-1,16
CHO 143.1 ,160328-1,80
CHO 143.2 ,318,26
CHO 143.2 ,319,1
CHO 143.2 ,714,1
CHO 143.2 ,804,1
CHO 143.2 ,910,3
CHO 143.2 ,1203,134
CHO 143.2 ,160804-1,32
CHO 143.3 ,804,124
CHO 143.3 ,1108,1
CHO 143.3 ,1203,27
CHO 143.3 ,150910-1,16
CHO 143.3 ,151108-1,16
CHO 143.3 ,160804-1,16
CHO 143.4 ,308,62
CHO 143.4 ,1026,96
CHO 143.4 ,1203,40
CHO 143.4 ,160308-1,16
CHO 143.5 ,1203,66
CHO 143.5 ,05170213-1,265
CHO 143.5 ,160804-1,16
CHO 144.1 ,1108,139
CHO 144.1 ,1216,48
CHO 144.2 ,304,1
CHO 144.2 ,805,2
CHO 144.2 ,1110,34
CHO 144.2 ,1112,1
CHO 144.2 ,0820-1,90
CHO 144.3 ,805,4
CHO 144.3 ,1108,115
CHO 144.3 ,0914-1,1
CHO 144.5 ,805,1
CHO 144.5 ,1108,41
CHO 144.5 ,1108-2,80
CHO 144.6 ,706,1
CHO 144.6 ,1108,49
CHO 145.1 ,328,160
CHO 145.1 ,1203,17
CHO 145.1 ,1227,1
CHO 145.2 ,310,5
CHO 145.2 ,1227,74
CHO 145.2 ,16030-1,48
CHO 145.3 ,718,99
CHO 145.3 ,1227,22
CHO 146.1 ,706,1
CHO 146.1 ,908,1
CHO 146.1 ,1022,115
CHO 146.2 ,615,1
CHO 146.2 ,1224,77
CHO 146.2 ,0228-2,1
CHO 146.3 ,1022,115
CHO 146.3 ,1224,48
CHO 146.4 ,520,1
CHO 146.4 ,806,3
CHO 146.4 ,1022,48
CHO 146.4 ,1215,90
CHO 147.1 ,816,1
CHO 147.1 ,1022,124
CHO 147.2 ,223,199
CHO 147.3 ,1220,40
CHO 147.3 ,1220-1,112
CHO 147.4 ,304,84
CHO 147.4 ,816,20
CHO 147.4 ,1221,1
CHO 147.5 ,305,1
CHO 147.5 ,817,36
CHO 147.5 ,0817-1,88
CHO 147.6 ,305,54
CHO 148.1 ,301,48
CHO 148.1 ,818,38
CHO 148.2 ,1112,40
CHO 148.2 ,1216,99
CHO 148.3 ,1106,1
CHO 148.3 ,1112,96
CHO 148.3 ,1216,43
CHO 148.3 ,0229-1,11
CHO 148.4 ,818,6
CHO 148.4 ,1112,97
CHO 148.4 ,1216,1
CHO 148.4 ,1217,48
CHO 148.5 ,229,1
CHO 148.5 ,1006,1
CHO 148.5 ,1112,87
CHO 148.5 ,0229-1,64
CHO 148.6 ,229,2
CHO 148.6 ,705,6
CHO 148.6 ,818,112
CHO 148.6 ,1215,6
CHO 148.6 ,1216,64
CHO 148.7 ,626,36
CHO 148.7 ,925,2
CHO 148.7 ,1112,144
CHO 149.1 ,220,231
CHO 149.1 ,808,2
CHO 149.1 ,1214,1
CHO 149.2 ,229,160
CHO 149.2 ,702,1
CHO 149.2 ,1217,48
CHO 149.2 ,0907-3,1
CHO 149.3 ,1022,155
CHO 149.3 ,1112,1
CHO 149.4 ,1022,80
CHO 149.4 ,1214,33
CHO 149.4 ,1217,48
CHO 149.5 ,516,1
CHO 149.5 ,1022,48
CHO 149.5 ,1214,70
CHO 150.1 ,101,48
CHO 150.1 ,705,60
CHO 150.1 ,1022,48
CHO 150.2 ,617,100
CHO 150.2 ,1231,48
CHO 150.3 ,528,60
CHO 150.3 ,1215,89
CHO 150.3 ,0915-1,3
CHO 150.4 ,617,8
CHO 150.4 ,1023,64
CHO 151.1 ,508,123
CHO 151.1 ,1006,5
CHO 151.1 ,1217,112
CHO 151.2 ,104,48
CHO 151.2 ,507,1
CHO 151.2 ,703,74
CHO 151.2 ,1109,128
CHO 151.2 ,1207,1
CHO 151.3 ,506,63
CHO 151.3 ,1006,1
CHO 151.3 ,1217,107
CHO 151.4 ,104,80
CHO 151.4 ,1218,53
CHO 151.5 ,604,1
CHO 151.5 ,1006,114
CHO 151.5 ,1217,35
CHO 151.6 ,703,1
CHO 151.6 ,1217,144
CHO 152.1 ,224,114
CHO 152.1 ,630,5
CHO 152.1 ,1223,32
CHO 152.2 ,422,1
CHO 152.2 ,916,1
CHO 152.2 ,0618-2,1
CHO 152.2 ,0817-1,41
CHO 152.3 ,224,21
CHO 152.3 ,705,5
CHO 152.3 ,1025,10
CHO 152.3 ,1123,80
CHO 152.3 ,1104-5,1
CHO 152.4 ,1025,6
CHO 152.4 ,1104,3
CHO 152.4 ,1223,118
CHO 152.5 ,807,26
CHO 152.5 ,818,80
CHO 152.5 ,1218,1
CHO 152.6 ,224,144
CHO 152.6 ,1223,48
CHO 153.1 ,1026,160
CHO 153.1 ,1203,56
CHO 153.1 ,1227,28
CHO 153.1 ,151227-1,2
CHO 153.2 ,314,1
CHO 153.2 ,504,1
CHO 153.2 ,804,1
CHO 153.2 ,1026,126
CHO 153.2 ,1203,3
CHO 153.2 ,160804-1,16
CHO 153.3 ,308,1
CHO 153.3 ,804,63
CHO 153.3 ,1027,48
CHO 153.3 ,1203,18
CHO 153.3 ,150308-1,16
CHO 153.3 ,150714-1,1
CHO 153.4 ,717,1
CHO 153.4 ,1227,11
CHO 153.4 ,151227-1,128
CHO 153.4 ,151227-2,32
CHO 153.5 ,908,28
CHO 153.5 ,1203,56
CHO 153.5 ,150714-1,1
CHO 153.5 ,160308-1,64
CHO 153.6 ,505,16
CHO 153.6 ,615,16
CHO 153.6 ,805,60
CHO 153.6 ,160615-1,64
CHO 154.1 ,1227,29
CHO 154.1 ,150507-1,1
CHO 154.1 ,151227-1,71
CHO 154.2 ,1203,56
CHO 154.2 ,1227,61
CHO 154.2 ,151108-1,48
CHO 154.2 ,151227-1,32
CHO 154.3 ,328,78
CHO 154.3 ,910,1
CHO 154.3 ,160328-1,32
CHO 154.4 ,314,122
CHO 154.4 ,150507-1,1
CHO 154.4 ,160314-1,32
CHO 155.1 ,616,124
CHO 155.2 ,719,81
CHO 155.2 ,910,1
CHO 155.2 ,1226,39
CHO 155.3 ,1226,123
CHO 155.4 ,328,1
CHO 155.4 ,1027,63
CHO 155.4 ,1203,77
CHO 156.1 ,328,16
CHO 156.1 ,1130,69
CHO 156.1 ,160328-1,80
CHO 156.2 ,910,1
CHO 156.2 ,1026,80
CHO 156.2 ,1227,61
CHO 156.2 ,150423-1,1
CHO 156.2 ,151227-1,48
CHO 156.3 ,714,29
CHO 156.3 ,1203,90
CHO 156.3 ,1227,1
CHO 156.3 ,150714-1,1
CHO 156.3 ,151227-1,48
CHO 156.4 ,910,70
CHO 156.4 ,1026,32
CHO 156.5 ,916,314
CHO 156.5 ,1227,1
CHO 157.1 ,805,8
CHO 157.1 ,912,4
CHO 157.1 ,1025,48
CHO 157.1 ,1112,1
CHO 157.1 ,1216,32
CHO 157.2 ,530,73
CHO 157.2 ,1112,2
CHO 157.2 ,1216,48
CHO 157.3 ,410,86
CHO 157.3 ,1112,1
CHO 157.3 ,1217,51
CHO 157.3 ,1028-3,2
CHO 157.4 ,1216,111
CHO 158.1 ,108,349
CHO 158.1 ,225,16
CHO 158.1 ,820,3
CHO 158.2 ,303,24
CHO 158.2 ,418,1
CHO 158.2 ,1026,80
CHO 158.2 ,1215,160
CHO 158.2 ,1027-1,1
CHO 158.3 ,225,144
CHO 158.3 ,625,78
CHO 158.4 ,618,1
CHO 158.4 ,1026,32
CHO 158.4 ,1215,175
CHO 159.1 ,622,1
CHO 159.1 ,706,181
CHO 159.1 ,807,28
CHO 159.1 ,1112,2
CHO 159.1 ,1222,1
CHO 159.2 ,221,64
CHO 159.2 ,1112,1
CHO 159.2 ,0817-1,17
CHO 159.3 ,706,1
CHO 159.3 ,811,2
CHO 159.3 ,1021,170
CHO 159.3 ,1112,1
CHO 159.3 ,1222,1
CHO 159.4 ,706,11
CHO 159.4 ,817,112
CHO 159.4 ,1222,9
CHO 159.4 ,1225,80
CHO 159.5 ,302,1
CHO 159.5 ,330,1
CHO 159.5 ,624,1
CHO 159.5 ,817,2
CHO 159.5 ,1021,154
CHO 159.5 ,1112,1
CHO 159.6 ,221,192
CHO 159.6 ,1112,1
CHO 159.6 ,1222,2
CHO 159.6 ,1225,43
CHO 159.6 ,0817-1,1
CHO 159.7 ,817,17
CHO 159.7 ,1225,101
CHO 160.1 ,101,48
CHO 160.1 ,424,99
CHO 160.1 ,1114,85
CHO 160.2 ,101,48
CHO 160.2 ,424,3
CHO 160.2 ,705,64
CHO 160.2 ,1114,80
CHO 160.2 ,1217,1
CHO 160.3 ,101,64
CHO 160.3 ,1217,48
CHO 161.1 ,402,1
CHO 161.1 ,630,1
CHO 161.1 ,1112,1
CHO 161.1 ,1114,95
CHO 161.1 ,1217,12
CHO 161.1 ,1217-1,16
CHO 161.2 ,529,76
CHO 161.2 ,1112,2
CHO 161.2 ,1217,3
CHO 161.3 ,226,112
CHO 161.3 ,520,35
CHO 161.3 ,1105,27
CHO 161.3 ,1112,1
CHO 161.3 ,1217,1
CHO 161.4 ,226,224
CHO 161.4 ,302,14
CHO 161.4 ,425,1
CHO 161.4 ,1105,1
CHO 161.4 ,1112,2
CHO 161.4 ,1114,44
CHO 162.1 ,302,108
CHO 162.1 ,413,1
CHO 162.1 ,606,1
CHO 162.1 ,704,9
CHO 162.1 ,1112,1
CHO 162.1 ,1102-2,1
CHO 162.2 ,229,34
CHO 162.2 ,609,1
CHO 162.2 ,1216,97
CHO 162.3 ,219,276
CHO 162.3 ,704,1
CHO 162.3 ,804,1
CHO 162.3 ,1022,1
CHO 162.3 ,1112,1
CHO 162.3 ,1220,64
CHO 162.4 ,704,1
CHO 162.4 ,818,25
CHO 162.4 ,1219,25
CHO 162.5 ,219,270
CHO 162.5 ,1220,1
CHO 162.6 ,910,1
CHO 162.6 ,1022,4
CHO 162.7 ,219,55
CHO 162.7 ,1220,48
CHO 162.7 ,0819-2,41
CHO 162.8 ,302,2
CHO 162.8 ,704,1
CHO 162.8 ,1022,217
CHO 163.1 ,609,1
CHO 163.1 ,819,13
CHO 163.1 ,912,13
CHO 163.1 ,1112,1
CHO 163.1 ,0819-1,96
CHO 163.2 ,511,1
CHO 163.2 ,820,72
CHO 163.2 ,1025,64
CHO 163.2 ,1112,1
CHO 163.2 ,1216,1
CHO 163.3 ,226,184
CHO 163.4 ,227,44
CHO 163.4 ,820,93
CHO 164.1 ,224,176
CHO 164.1 ,820,4
CHO 164.1 ,1022,109
CHO 164.2 ,820,81
CHO 164.2 ,1227,64
CHO 164.3 ,527,1
CHO 164.3 ,617,1
CHO 164.3 ,820,9
CHO 164.3 ,1106,1
CHO 164.3 ,1112,1
CHO 164.4 ,305,48
CHO 164.4 ,703,131
CHO 164.4 ,1112,1
CHO 164.5 ,1216,116
CHO 164.6 ,101,144
CHO 164.6 ,1216,31
CHO 164.6 ,1028-1,1
CHR 100.1 ,35,1
CHR 100.1 ,47,48
CHR 100.1 ,50,48
CHR 100.1 ,53,67
CHR 100.2 ,29,2
CHR 100.2 ,31,40
CHR 100.2 ,33,188
CHR 100.3 ,24,1
CHR 100.3 ,48,1
CHR 100.3 ,54,1
CHR 100.3 ,59,1
CHR 100.3 ,60,27
CHR 100.3 ,62,155
CHR 100.4 ,19,1
CHR 100.4 ,46,1
CHR 100.4 ,52,25
CHR 100.4 ,55,48
CHR 100.4 ,56,155
CHR 101.1 ,18,1
CHR 101.1 ,35,14
CHR 101.1 ,37,128
CHR 101.2 ,28,1
CHR 101.2 ,35,13
CHR 101.2 ,42,1
CHR 101.2 ,44,174
CHR 101.3 ,11,1
CHR 101.3 ,28,24
CHR 101.3 ,33,81
CHR 101.4 ,39,1
CHR 101.4 ,54,149
CHR 101.4 ,59,1
CHR 101.4 ,62,48
CHR 102.1 ,36,52
CHR 102.1 ,41,229
CHR 102.2 ,34,1
CHR 102.2 ,46,85
CHR 102.2 ,48,19
CHR 102.2 ,50,48
CHR 102.3 ,23,1
CHR 102.3 ,54,1
CHR 102.3 ,58,46
CHR 102.3 ,60,268
CHR 102.4 ,42,1
CHR 102.4 ,49,84
CHR 102.4 ,51,96
CHR 102.5 ,7,1
CHR 102.5 ,14,156
CHR 103.2 ,9,1
CHR 103.2 ,19,1
CHR 103.2 ,23,1
CHR 103.2 ,28,3
CHR 103.2 ,31,192
CHR 103.3 ,26,1
CHR 103.3 ,29,148
CHR 103.4 ,26,35
CHR 103.4 ,28,107
CHR 103.6 ,7,1
CHR 103.6 ,24,86
CHR 103.6 ,27,128
CHR 104.1 ,7,2
CHR 104.1 ,15,86
CHR 104.1 ,19,3
CHR 104.1 ,21,80
CHR 104.2 ,10,41
CHR 104.2 ,11,63
CHR 104.2 ,15,5
CHR 104.2 ,17,80
CHR 104.3 ,7,3
CHR 104.3 ,13,1
CHR 104.3 ,20,244
CHR 104.3 ,21,3
CHR 104.4 ,15,66
CHR 104.4 ,19,48
CHR 105.1 ,22,1
CHR 105.1 ,36,1
CHR 105.1 ,37,689
CHR 105.2 ,53,1
CHR 105.2 ,57,1
CHR 105.2 ,63,16
CHR 105.2 ,77,67
CHR 105.3 ,24,1
CHR 105.3 ,27,19
CHR 105.3 ,30,144
CHR 105.4 ,25,32
CHR 105.4 ,29,8
CHR 105.4 ,33,112
CHR 106.1 ,10,68
CHR 106.1 ,11,5
CHR 106.1 ,13,111
CHR 106.2 ,10,55
CHR 106.2 ,13,7
CHR 106.2 ,15,64
CHR 106.2 ,16,80
CHR 106.3 ,9,27
CHR 106.3 ,12,13
CHR 106.3 ,15,105
CHR 106.3 ,16,32
CHR 106.4 ,10,1
CHR 106.4 ,18,60
CHR 106.4 ,20,4
CHR 106.4 ,21,96
CHR 106.4 ,23,32
CHR 106.5 ,8,13
CHR 106.5 ,11,2
CHR 106.5 ,14,4
CHR 106.5 ,16,1
CHR 106.5 ,17,129
CHR 106.6 ,11,1
CHR 106.6 ,22,1
CHR 106.6 ,26,128
CHR 106.6 ,27,64
CHR 106.6 ,29,48
CHR 106.7 ,22,1
CHR 106.7 ,31,5
CHR 106.7 ,32,295
CHR 107.1 ,15,40
CHR 107.1 ,17,160
CHR 107.2 ,11,123
CHR 107.2 ,15,32
CHR 107.2 ,150316,4
CHR 107.3 ,6,5
CHR 107.3 ,7,57
CHR 107.3 ,8,64
CHR 107.3 ,17,64
CHR 107.3 ,141117,1
CHR 107.4 ,141117,136
CHR 107.5 ,9,2
CHR 107.5 ,10,43
CHR 107.5 ,141117,116
CHR 108.1 ,19,1
CHR 108.1 ,21,82
CHR 108.1 ,22,28
CHR 108.1 ,150316,1
CHR 108.1 ,702211,128
CHR 108.2 ,27,7
CHR 108.2 ,30,1
CHR 108.2 ,31,262
CHR 108.3 ,15,1
CHR 108.3 ,16,1
CHR 108.3 ,19,110
CHR 108.3 ,21,64
CHR 108.3 ,23,64
CHR 108.4 ,29,1
CHR 108.4 ,30,91
CHR 108.4 ,34,64
CHR 108.4 ,36,64
CHR 108.4 ,150316,1
CHR 108.5 ,15,48
CHR 108.5 ,26,2
CHR 108.5 ,27,152
CHR 108.5 ,29,28
CHR 109.1 ,8,1
CHR 109.1 ,9,164
CHR 109.2 ,7,1
CHR 109.2 ,8,1
CHR 109.2 ,9,215
CHR 109.3 ,11,103
CHR 109.3 ,14,80
CHR 109.4 ,9,10
CHR 109.4 ,11,128
CHR 109.5 ,9,1
CHR 109.5 ,13,54
CHR 109.5 ,15,112
CHR 109.5 ,18,112
CHR 109.5 ,141117,1
CHR 109.6 ,9,108
CHR 109.6 ,10,64
CHR 109.6 ,141117,1
CHR 109.6 ,150316,1
CHR 110.1 ,7,1
CHR 110.1 ,9,17
CHR 110.2 ,8,81
CHR 110.2 ,11,48
CHR 110.2 ,12,64
CHR 110.3 ,25,2
CHR 110.3 ,31,1
CHR 110.3 ,32,94
CHR 110.3 ,33,48
CHR 110.3 ,34,64
CHR 110.4 ,28,81
CHR 110.4 ,30,1
CHR 110.4 ,31,64
CHR 110.4 ,34,64
CHR 111.1 ,9,159
CHR 111.1 ,11,64
CHR 111.3 ,16,1
CHR 111.3 ,18,32
CHR 111.4 ,9,1
CHR 111.4 ,13,1
CHR 111.4 ,15,1
CHR 111.4 ,16,1
CHR 111.4 ,17,74
CHR 111.4 ,19,64
CHR 111.4 ,20,64
CHR 111.5 ,7,180
CHR 111.5 ,9,103
CHR 111.6 ,10,193
CHR 111.6 ,11,30
CHR 111.7 ,14,19
CHR 111.7 ,16,48
CHR 111.7 ,17,32
CHR 111.7 ,141117,48
CHR 111.7 ,702211,134
CHR 111.8 ,9,1
CHR 111.8 ,11,1
CHR 111.8 ,12,86
CHR 111.8 ,13,64
CHR 112.1 ,13,3
CHR 112.1 ,702211,302
CHR 112.2 ,14,150
CHR 112.2 ,141117,1
CHR 112.2 ,150316,1
CHR 112.3 ,9,3
CHR 112.3 ,24,30
CHR 112.3 ,25,96
CHR 112.3 ,26,64
CHR 112.4 ,11,1
CHR 112.4 ,12,1
CHR 112.4 ,13,143
CHR 112.4 ,141117,1
CHR 112.4 ,150316,1
CHR 113.1 ,22,1
CHR 113.1 ,29,92
CHR 113.1 ,32,80
CHR 113.2 ,8,1
CHR 113.2 ,9,1
CHR 113.2 ,10,80
CHR 113.2 ,11,101
CHR 113.3 ,9,1
CHR 113.3 ,10,16
CHR 113.3 ,11,80
CHR 113.3 ,12,25
CHR 113.3 ,13,80
CHR 113.4 ,8,1
CHR 113.4 ,10,1
CHR 113.4 ,11,114
CHR 113.4 ,12,64
CHR 113.4 ,141117,1
CHR 113.5 ,10,56
CHR 113.5 ,11,1
CHR 113.5 ,12,64
CHR 113.5 ,13,64
CHR 113.5 ,14,64
CHR 113.5 ,141117,1
CHR 113.6 ,20,14
CHR 113.6 ,22,83
CHR 113.6 ,23,60
CHR 114.1 ,9,3
CHR 114.1 ,10,1
CHR 114.1 ,11,1
CHR 114.1 ,13,3
CHR 114.1 ,15,4
CHR 114.1 ,16,47
CHR 114.1 ,17,112
CHR 114.1 ,141117,2
CHR 114.1 ,150316,2
CHR 114.2 ,16,7
CHR 114.2 ,17,144
CHR 114.2 ,18,48
CHR 114.3 ,7,1
CHR 114.3 ,9,1
CHR 114.3 ,11,49
CHR 114.3 ,13,128
CHR 114.4 ,8,1
CHR 114.4 ,13,85
CHR 114.4 ,14,64
CHR 114.4 ,16,64
CHR 114.4 ,141117,1
CHR 114.4 ,150316,1
CHR 115.1 ,33,1
CHR 115.1 ,42,43
CHR 115.1 ,44,176
CHR 115.2 ,60,1
CHR 115.2 ,65,71
CHR 115.2 ,74,96
CHR 115.3 ,17,67
CHR 115.3 ,28,22
CHR 115.3 ,29,32
CHR 115.3 ,30,80
CHR 115.4 ,36,54
CHR 115.4 ,46,1
CHR 115.4 ,54,1
CHR 115.4 ,60,1
CHR 115.4 ,63,5
CHR 115.4 ,65,128
CHR 116.1 ,37,5
CHR 116.1 ,38,26
CHR 116.1 ,40,32
CHR 116.1 ,42,96
CHR 116.2 ,19,1
CHR 116.2 ,20,162
CHR 116.3 ,8,3
CHR 116.3 ,11,67
CHR 116.3 ,14,80
CHR 117.1 ,14,1
CHR 117.1 ,17,1
CHR 117.1 ,20,159
CHR 117.1 ,21,48
CHR 117.2 ,27,1
CHR 117.2 ,31,1
CHR 117.2 ,35,228
CHR 117.3 ,12,1
CHR 117.3 ,18,1
CHR 117.3 ,21,2
CHR 117.3 ,22,27
CHR 117.3 ,22,64
CHR 117.3 ,23,48
CHR 117.3 ,26,48
CHR 117.4 ,13,6
CHR 117.4 ,17,9
CHR 117.4 ,18,80
CHR 117.4 ,19,48
CHR 117.5 ,19,1
CHR 117.5 ,25,1
CHR 117.5 ,26,88
CHR 117.5 ,28,64
CHR 118.1 ,24,133
CHR 118.1 ,25,48
CHR 118.2 ,2,21
CHR 118.2 ,10,53
CHR 118.2 ,13,27
CHR 118.2 ,16,32
CHR 118.3 ,9,2
CHR 118.3 ,12,1
CHR 118.3 ,15,16
CHR 118.3 ,16,362
CHR 118.4 ,49,1
CHR 118.4 ,51,151
CHR 118.4 ,53,64
CHR 119.1 ,31,1
CHR 119.1 ,32,137
CHR 119.1 ,33,96
CHR 119.2 ,13,1
CHR 119.2 ,21,148
CHR 119.3 ,12,31
CHR 119.3 ,13,132
CHR 119.4 ,11,1
CHR 119.4 ,13,1
CHR 119.4 ,14,1
CHR 119.4 ,17,147
CHR 119.4 ,19,48
CHR 119.5 ,22,104
CHR 120.1 ,16,1
CHR 120.1 ,17,1
CHR 120.1 ,19,1
CHR 120.1 ,21,1
CHR 120.1 ,28,75
CHR 120.1 ,30,112
CHR 120.2 ,48,37
CHR 120.2 ,49,1
CHR 120.2 ,50,112
CHR 120.3 ,13,1
CHR 120.3 ,16,1
CHR 120.3 ,17,1
CHR 120.3 ,20,48
CHR 121.1 ,308,48
CHR 121.1 ,721,1
CHR 121.1 ,1601,17
CHR 121.1 ,1602,113
CHR 121.1 ,1603,32
CHR 121.2 ,1601,74
CHR 121.2 ,1602,58
CHR 121.2 ,1603,89
CHR 121.2 ,150609-1,-1
CHR 122.1 ,307,2
CHR 122.1 ,327,1
CHR 122.1 ,717,1
CHR 122.1 ,730,2
CHR 122.1 ,1601,55
CHR 122.1 ,1602,73
CHR 122.1 ,1603,32
CHR 122.2 ,1601,24
CHR 122.2 ,150426-1,1
CHR 122.2 ,150713-1,176
CHR 122.3 ,1601,1
CHR 122.3 ,1602,23
CHR 122.3 ,1603,60
CHR 122.3 ,1604,135
CHR 122.3 ,150527-1,1
CHR 122.3 ,150707-1,1
CHR 123.1 ,1602,52
CHR 123.1 ,1603,170
CHR 124.1 ,1601,48
CHR 124.1 ,1604,16
CHR 124.1 ,1605,68
CHR 124.2 ,329,36
CHR 124.2 ,730,1
CHR 124.2 ,1601,65
CHR 124.2 ,1602,116
CHR 124.3 ,505,1
CHR 124.3 ,1225,2
CHR 124.3 ,1602,91
CHR 124.3 ,1603,112
CHR 125.1 ,1602,155
CHR 125.1 ,1603,60
CHR 125.1 ,1604,32
CHR 125.2 ,308,3
CHR 125.2 ,1601,72
CHR 125.2 ,1602,76
CHR 125.3 ,714,1
CHR 125.3 ,1601,107
CHR 125.3 ,1602,16
CHR 125.3 ,1603,64
CHR 126.1 ,414,1
CHR 126.1 ,501,1
CHR 126.1 ,724,43
CHR 126.1 ,1601,32
CHR 126.1 ,1602,77
CHR 126.1 ,1603,48
CHR 126.2 ,716,1
CHR 126.2 ,1601,43
CHR 126.2 ,1602,64
CHR 126.2 ,1604,48
CHR 127.1 ,3,1
CHR 127.1 ,329,81
CHR 127.1 ,501,7
CHR 127.1 ,724,63
CHR 127.1 ,1601,27
CHR 127.2 ,308,1
CHR 127.2 ,501,32
CHR 127.2 ,504,56
CHR 127.2 ,1601,79
CHR 127.3 ,501,2
CHR 127.3 ,1601,107
CHR 127.3 ,1602,74
CHR 127.3 ,1603,64
CHR 127.3 ,150526-1,1
CHR 128.1 ,730,1
CHR 128.1 ,1601,59
CHR 128.1 ,1602,98
CHR 128.1 ,1604,48
CHR 128.2 ,501,1
CHR 128.2 ,502,1
CHR 128.2 ,727,34
CHR 128.2 ,1601,64
CHR 128.2 ,1602,54
CHR 128.2 ,150724-1,8
CHR 128.3 ,501,1
CHR 128.3 ,714,1
CHR 128.3 ,922,1
CHR 128.3 ,1018,35
CHR 128.3 ,1107,78
CHR 128.3 ,1108,2
CHR 128.3 ,1601,21
CHR 128.3 ,1602,32
CHR 129.1 ,3,1
CHR 129.1 ,307,1
CHR 129.1 ,922,1
CHR 129.1 ,1107,175
CHR 129.1 ,1601,48
CHR 129.2 ,505,1
CHR 129.2 ,719,1
CHR 129.2 ,1601,1
CHR 129.2 ,1602,91
CHR 129.2 ,1603,176
CHR 129.3 ,325,30
CHR 129.3 ,609,23
CHR 129.3 ,1601,41
CHR 129.3 ,1602,96
CHR 129.3 ,150504-1,1
CHR 130.1 ,727,91
CHR 130.1 ,1601,2
CHR 130.1 ,1602,67
CHR 130.1 ,1603,48
CHR 130.2 ,713,2
CHR 130.2 ,1601,132
CHR 130.2 ,150713-1,52
CHR 130.3 ,307,24
CHR 130.3 ,427,114
CHR 130.3 ,501,1
CHR 130.3 ,150427-1,6
CHR 131.1 ,501,53
CHR 131.1 ,502,31
CHR 131.1 ,929,46
CHR 131.2 ,326,28
CHR 131.2 ,526,3
CHR 131.2 ,1225,46
CHR 131.2 ,1601,19
CHR 131.2 ,1602,48
CHR 131.2 ,150425-1,1
CHR 131.2 ,150526-1,2
CHR 132.1 ,412,26
CHR 132.1 ,1601,60
CHR 132.1 ,1602,145
CHR 132.1 ,150713-1,1
CHR 132.2 ,307,26
CHR 132.2 ,724,6
CHR 132.2 ,1601,124
CHR 132.2 ,1602,48
CHR 132.2 ,150507-1,1
CHR 132.2 ,150609-1,1
CHR 133.1 ,1602,1
CHR 133.1 ,1603,161
CHR 133.2 ,308,1
CHR 133.2 ,501,1
CHR 133.2 ,1602,19
CHR 133.2 ,1605,63
CHR 133.2 ,1606,97
CHR 133.3 ,1601,1
CHR 133.3 ,1602,50
CHR 133.3 ,1603,85
CHR 133.3 ,1604,48
CHR 134.1 ,1601,36
CHR 134.1 ,1602,44
CHR 134.1 ,1603,105
CHR 134.2 ,412,73
CHR 134.2 ,717,50
CHR 134.2 ,1601,31
CHR 134.2 ,1602,34
CHR 134.3 ,307,1
CHR 134.3 ,512,6
CHR 134.3 ,1601,50
CHR 134.3 ,1602,94
CHR 134.3 ,1606,48
CHR 135.1 ,65,1
CHR 135.1 ,73,2
CHR 135.1 ,77,80
CHR 135.1 ,79,5
CHR 135.1 ,81,48
CHR 135.2 ,34,1
CHR 135.2 ,35,111
CHR 135.2 ,37,56
CHR 135.3 ,12,58
CHR 135.3 ,20,1
CHR 135.3 ,26,20
CHR 135.3 ,34,32
CHR 135.3 ,36,48
CHR 135.4 ,48,1
CHR 135.4 ,59,12
CHR 135.4 ,68,112
CHR 135.4 ,78,48
CHR 135.5 ,28,1
CHR 135.5 ,46,69
CHR 135.5 ,52,16
CHR 135.5 ,58,48
CHR 135.5 ,60,48
CHS 600.1 ,4,75
CHS 600.1 ,5,98
CHS 600.2 ,5,159
CHS 600.2 ,6,111
CHS 601.1 ,4,47
CHS 601.1 ,5,137
CHS 601.2 ,7,243
CHS 601.3 ,11,60
CHS 601.4 ,5,3
CHS 601.4 ,7,48
CHS 602.1 ,5,107
CHS 602.1 ,7,145
CHS 602.2 ,4,54
CHS 602.2 ,5,36
CHS 602.2 ,6,139
CHS 602.3 ,1,156
CHS 602.3 ,3,115
CHS 602.4 ,4,56
CHS 602.4 ,6,110
CHS 603.1 ,6,4
CHS 603.2 ,5,26
CHS 603.3 ,3,71
CHS 604.1 ,8,110
CHS 604.2 ,6,49
CHS 604.2 ,8,89
CHS 604.3 ,6,78
CHS 604.3 ,7,54
CHS 605.1 ,6,5
CHS 605.1 ,7,19
CHS 605.2 ,5,66
CHS 605.3 ,6,17
CHS 605.3 ,9,116
CHS 606.1 ,5,44
CHS 606.1 ,8,126
CHS 606.2 ,3,91
CHS 606.3 ,4,13
CHS 606.3 ,5,84
CHS 606.3 ,6,128
CHS 607.1 ,6,11
CHS 607.1 ,7,98
CHS 607.2 ,6,1
CHS 607.2 ,8,98
CHS 607.3 ,9,3
CHS 607.3 ,12,7
CHS 607.3 ,13,5
CHS 607.3 ,18,60
CHS 607.4 ,13,135
CHS 607.5 ,1,66
CHS 607.5 ,2,119
CHS 607.6 ,2,90
CHS 608.1 ,5,16
CHS 608.1 ,6,90
CHS 608.1 ,7,100
CHS 608.2 ,7,1
CHS 608.2 ,8,79
CHS 608.3 ,9,39
CHS 608.4 ,9,64
CHS 608.4 ,10,104
CHS 609.1 ,4,44
CHS 609.1 ,5,46
CHS 609.1 ,6,107
CHS 609.2 ,9,1
CHS 609.2 ,10,74
CHS 609.3 ,7,1
CHS 609.3 ,8,51
CHS 609.4 ,3,116
CHS 609.4 ,6,103
CHS 610.1 ,6,34
CHS 610.2 ,4,60
CHS 610.3 ,8,1
CHS 610.3 ,9,31
CHS 610.3 ,11,60
CHS 610.5 ,4,32
CHS 610.5 ,5,123
CHS 611.1 ,4,4
CHS 611.1 ,5,19
CHS 611.2 ,6,50
CHS 611.2 ,7,122
CHS 611.3 ,5,1
CHS 611.3 ,6,38
CHS 611.3 ,7,112
CHS 611.5 ,4,33
CHS 611.5 ,5,35
CHS 611.5 ,6,113
CHS 612.1 ,7,62
CHS 612.1 ,8,117
CHS 612.2 ,12,1
CHS 612.2 ,13,78
CHS 612.3 ,5,40
CHS 612.3 ,6,112
CHS 613.1 ,8,1
CHS 613.1 ,9,47
CHS 613.1 ,10,88
CHS 613.2 ,7,28
CHS 613.2 ,8,89
CHS 613.3 ,8,2
CHS 613.3 ,9,61
CHS 613.3 ,10,112
CHS 613.4 ,7,21
CHS 613.4 ,9,31
CHS 613.5 ,13,1
CHS 613.5 ,17,47
CHS 614.1 ,5,2
CHS 614.1 ,6,59
CHS 614.1 ,7,92
CHS 614.2 ,1,135
CHS 614.2 ,2,91
CHS 614.3 ,3,63
CHS 614.3 ,5,93
CHS 614.4 ,3,112
CHS 614.4 ,5,94
CHS 614.5 ,8,103
CHS 614.5 ,9,102
CHS 614.6 ,4,1
CHS 614.6 ,5,316
CHS 615.1 ,1,6
CHS 615.1 ,3,98
CHS 615.2 ,12,64
CHS 615.2 ,14,114
CHS 615.3 ,4,32
CHS 615.3 ,5,109
CHS 615.4 ,9,147
CHS 615.5 ,10,5
CHS 615.5 ,14,1
CHS 615.5 ,15,74
CHS 615.6 ,12,43
CHS 615.6 ,18,237
CHS 615.7 ,9,70
CHS 615.7 ,13,248
CHS 615.8 ,5,13
CHS 615.8 ,9,115
CHS 615.9 ,7,90
CHS 615.9 ,8,120
CHS 616.1 ,10,62
CHS 616.1 ,11,136
CHS 616.2 ,6,66
CHS 616.3 ,7,97
CHS 617.1 ,11,1
CHS 617.1 ,12,130
CHS 617.2 ,8,102
CHS 617.3 ,9,43
CHS 617.3 ,10,154
CHS 618.1 ,3,65
CHS 618.2 ,5,114
CHS 618.3 ,3,28
CHS 618.3 ,5,153
CHS 618.4 ,4,171
CHS 619.1 ,6,137
CHS 619.1 ,9,139
CHS 619.2 ,4,144
CHS 619.2 ,7,127
CHS 619.3 ,3,168
CHS 619.3 ,5,67
CHS 619.4 ,4,113
CHS 619.5 ,4,68
CHS 619.5 ,5,161
CHS 620.2 ,12,1
CHS 620.2 ,14,32
CHS 620.2 ,15,43
CHS 620.3 ,13,19
CHS 620.3 ,16,34
CHS 620.4 ,10,19
CHS 620.4 ,12,125
CHS 621.1 ,4,116
CHS 621.1 ,5,112
CHS 621.2 ,4,160
CHS 621.2 ,5,46
CHS 621.3 ,7,95
CHS 621.3 ,8,115
CHS 622.1 ,3,1
CHS 622.1 ,4,3
CHS 622.1 ,5,53
CHS 622.1 ,6,42
CHS 622.2 ,5,1
CHS 622.2 ,6,129
CHS 622.3 ,5,6
CHS 622.3 ,6,3
CHS 622.3 ,7,1
CHS 622.3 ,8,64
CHS 622.3 ,9,60
CHS 622.4 ,4,126
CHS 623.1 ,7,88
CHS 623.2 ,4,2
CHS 623.2 ,5,129
CHS 623.2 ,7,3
CHS 623.3 ,6,1
CHS 623.3 ,8,107
CHS 623.4 ,4,85
CHS 624.1 ,6,55
CHS 624.1 ,7,95
CHS 624.2 ,4,103
CHS 624.2 ,5,94
CHS 624.3 ,4,118
CHS 624.3 ,5,87
CZ CD 8101,1001,15
CZ CD 8102,1008,2
CZ CD 8103,1001,13
CZ CD 8103,1006,4
CZ CD 8105,1006,2
CZ CD 8106,1001,3
CZ CD 8106,1003,1
CZ CD 8301,1003,5
CZ CD 8304,1011,0
CZ CD 8305,1001,5
CZ CD 8305,1003,11
CZ CD 8306,1003,0
CZ CD 8307,1011,0
CZ CD 8401,1003,34
CZ CD 8402,1003,1
CZ CD 8402,1011,1
CZ CD 8403,1001,1
CZ CD 8404,1001,1
CZ CD 8405,1001,19
CZ CD 8405,1003,8
CZ CD 8406,1003,18
CZ CD 8407,1001,4
CZ CD 8407,1002,3
CZ CD 8501,1001,2
CZ CD 8501,1002,3
CZ CD 8501,1003,1
CZ CD 8501,1014,5
CZ CD 8502,1001,3
CZ CD 8502,1003,3
CZ CD 8502,1004,1
CZ CD 8502,1011,2
CZ CD 8503,1001,0
CZ CD 8504,1001,1
CZ CD 8504,1003,23
CZ CD 8505,1001,2
CZ CD 8505,1003,27
CZ CD 8506,1001,0
CZ CD 8601,1003,1
CZ CD 8602,1001,1
CZ CD 8602,1003,41
CZ CD 8603,1001,0
CZ CD 8603,1006,32
CZ CD 8604,1001,19
CZ CD 8604,1003,4
CZ CD 8604,1006,5
CZ CD 8605,1001,17
CZ CD 8605,1003,16
CZ CD 8606,1001,4
CZ CD 8606,1003,20
CZ CD 8607,1001,2
CZ CD 8607,1003,21
CZ CD 8701,1001,1
CZ CD 8701,1003,13
CZ CD 8702,1001,0
CZ CD 8703,1003,1
CZ CD 8703,1006,1
CZ CD 8704,1002,5
CZ CD 8704,1003,22
CZ CD 8704,1006,2
CZ CD 8705,1001,11
CZ CD 8801,1001,6
CZ CD 8801,1003,8
CZ CD 8801,1006,2
CZ CD 8802,1001,18
CZ CD 8803,1001,5
CZ CD 8804,1001,12
CZ CD 8805,1001,1
CZ CD 8805,1004,15
CZ CD 8805,1006,14
CZ CD 8806,1002,3
CZ CD 8806,1003,13
CZ CD 8911,1003,0
CZ CD 8912,1001,3
CZ CD 8912,1003,16
CZ CD 8913,1001,1
CZ CD 8913,1008,1
CZ CD 8913,1014,3
CZ CD 8914,1001,15
CZ CD 8914,1002,1
CZ CD 8922,1003,1
CZ CD 8922,1006,4
CZ CD 8922,001,2
CZ CD 8923,1003,1
CZ CD 8924,1011,1
CZ CD 8925,1003,0
CZ CQ 4103,1001,2
CZ CQ 4103,1003,0
CZ CQ 4103,1006,1
CZ CQ 4103,1008,1
CZ CQ 4103,1011,3
CZ CQ 4105,1002,8
CZ CQ 4105,1004,3
CZ CQ 4106,1001,27
CZ CQ 4107,1001,9
CZ CQ 4205,1001,20
CZ CQ 4205,1006,16
CZ CQ 4206,1002,2
CZ CQ 4206,1003,15
CZ CQ 4206,1006,16
CZ CQ 4207,1001,23
CZ CQ 4301,1001,2
CZ CQ 4301,1003,2
CZ CQ 4301,1006,3
CZ CQ 4302,1004,1
CZ CQ 4302,1011,1
CZ CQ 4304,1003,48
CZ CQ 4304,1008,12
CZ CQ 4305,1001,13
CZ CQ 4305,1003,11
CZ CQ 4306,1003,0
CZ CQ 4402,1003,2
CZ CQ 4402,1011,47
CZ CQ 4403,1003,2
CZ CQ 4404,1001,1
CZ CQ 4404,1003,4
CZ CQ 4405,1001,1
CZ CQ 4405,1003,11
CZ CQ 4405,1006,3
CZ CQ 4406,1003,4
CZ CQ 4501,1001,7
CZ CQ 4501,1006,10
CZ CQ 4502,1003,3
CZ CQ 4503,1003,2
CZ CQ 4504,1001,2
CZ CQ 4504,1003,1
CZ CQ 4505,1001,2
CZ CQ 4505,1003,16
CZ CQ 4505,1006,3
CZ CQ 4506,1001,58
CZ CQ 4601,1003,4
CZ CQ 4601,1011,18
CZ CQ 4601,1012,6
CZ CQ 4603,1011,1
CZ CQ 4605,1004,8
CZ CQ 4803,1011,1
CZ CQ 4804,1001,1
CZ CQ 4804,1003,1
CZ CQ 4805,1001,0
GS 100505,14,0
GS 100506,13,4
GS 103201,11,27
GS 103202,15,95
GS 103203,17,12
GS 103204,13,1
GS 103205,8,50
GS 140001,6A,1
GS 140604,2,1
GS 140703,2,3
GS 140704,3,3
GS 140705,2,1
GS 140707,2,97
GS 140903,2,26
GS 140904,2,20
GS 140905,2,4
GS 140906,2,9
GS 141403,2,63
GS 141404,2,3
GS 141405,1,5
GS 141406,2,0
GS 141407,2,18
GS 141602,4,58
GS 141604,3,95
GS 141605,3,55
GS 141606,6,1
GS 143006,1,66
GS 143007,2,54
HAR 63HA101,11,75
HAR 63HA102,12,18
HAR 63HA103,17,0
HAR 63HA104,18,139
HAR 63HA104,38,63
HAR 63HA105,27,1
HAR 63HA105,32,90
HAR 63HA106,36,12
HAR 63HA106,37,105
HAR 63HA201,14,96
HAR 63HA202,45,0
HAR 63HA203,48,0
HAR 63HA204,10,52
HAR 63HA205,20,1
HAR 63HA205,22,44
HAR 63HA205,23,69
HAR 63HA206,85,29
HAR 63HA302,26,1
HAR 63HA302,56,14
HAR 63HA302,57,21
HAR 63HA303,34,1
HAR 63HA303,44,15
HAR 63HA304,11,1
HAR 63HA304,15,3
HAR 63HA305,7,57
HAR 63HA305,8,6
HAR 63HA306,17,7
HAR 63HA401,6,10
HAR 63HA401,7,107
HAR 63HA402,19,7
HAR 63HA402,26,90
HAR 63HA403,24,2
HAR 63HA404,12,12
HAR 63HA405,13,1
HAR 63HA406,39,0
HAR 65EM101,7,43
HAR 65EM102,7,36
HAR 65EM102,8,129
HAR 65EM103,10,111
HAR 65EM104,5,134
HAR 65EM105,16,115
HAR 65EM106,7,99
HAR 65EM201,7,41
HAR 65EM201,11,60
HAR 65EM201,12,65
HAR 65EM202,5,81
HAR 65EM202,6,115
HAR 65EM203,23,28
HAR 65EM203,35,95
HAR 65EM204,3,64
HAR 65EM205,26,0
HAR 65EM206,27,3
HAR 65EM301,4,82
HAR 65EM302,6,40
HAR 65EM303,5,71
HAR 65EM304,5,59
HAR 65EM305,9,39
HAR 65EM306,6,103
HAR 65EM402,9,25
HAR 65EM403,7,1
HAR 65EM404,8,0
HAR 65EM406,7,1
HAR 65EM406,8,32
HAR 65EM502,9,94
HAR 65EM505,10,13
HAR 65EM505,13,104
HAR 65EM506,9,80
HAR FD73201,4,1
HAR FD73201,7,89
HAR FD73202,5,141
HAR FD73203,5,169
HAR FD73204,3,105
HAR FD73205,4,96
HAR FD73206,3,92
HAR FD73206,5,132
HAR FD73303,3,113
HAR FD73304,3,71
HAR FD73305,4,91
HAR FD73306,4,131
HAR FD73307,4,38
HAR FD73401,3,2
HAR FD73401,4,1
HAR FD73401,5,54
HAR FD73405,3,37
HAR FD73406,6,9
HAR FD73501,4,106
HAR FD73502,4,43
HAR FD73502,5,17
HAR FD73503,4,15
HAR FD73503,5,113
HAR FD73504,4,56
HAR FD73505,3,19
HAR FD73505,4,117
HAR FD73506,4,1
HAR FD73506,5,1
HAR FD73602,1,10
HAR FD73603,1,10
JS 9260.1 ,150626,0
JS 9262.1 ,150702,0
JS 9263.1 ,150305,2
JS 9263.1 ,150409,31
JS 9264.1 ,160921,14
JS 9264.1 ,161101,44
JS 9264.2 ,160513,1
JS 9264.2 ,160614,6
JS 9264.2 ,161101,36
JS 9266.1 ,151109,2
JS 9266.1 ,160516,24
JS 9275.1 ,161107,39
JS 9294.1 ,150119,40
JS 9294.2 ,150119,14
JS 9294.2 ,150703,28
JS 9294.3 ,150120,1
JS 9294.3 ,150828,6
JS 9294.4 ,150120,4
JS 9294.4 ,160520,28
JS 9294.5 ,150121,26
JS 9294.6 ,150121,23
JS 9295.1 ,150122,26
JS 9296.1 ,150119,30
JS 9296.2 ,150119,1
JS 9299.1 ,151104,10
JS 9299.1 ,160518,36
JS 9300.1 ,150324,5
JS 9300.2 ,150324,19
JS 9300.3 ,150324,45
JS 9303.1 ,150225,40
JS 9303.1 ,150501,12
JS 9303.2 ,150325,32
JS 9303.2 ,150501,8
JS 9303.3 ,150325,1
JS 9303.3 ,151110,35
JS 9303.3 ,160125,12
JS 9303.4 ,150225,8
JS 9303.4 ,160704,21
JS 9304.1 ,160219,8
JS 9304.1 ,160819,19
JS 9304.2 ,160219,1
JS 9304.2 ,160819,23
JS 9305.1 ,150128,4
JS 9305.1 ,150430,1
JS 9305.1 ,160518,16
JS 9305.1 ,161122,28
JS 9305.2 ,150313,13
JS 9305.2 ,150518,20
JS 9305.2 ,151027,3
JS 9305.2 ,160623,20
JS 9306.1 ,150811,8
JS 9306.1 ,151230,6
JS 9306.1 ,160805,48
JS 9306.2 ,160610,3
JS 9306.2 ,161102,64
JS 9306.4 ,160610,29
JS 9307.1 ,150127,1
JS 9307.1 ,150811,16
JS 9307.1 ,151230,25
JS 9307.2 ,150629,2
JS 9307.2 ,150811,7
JS 9307.2 ,160325,3
JS 9307.2 ,160523,20
JS 9307.3 ,150811,15
JS 9308.1 ,160613,78
JS 9308.2 ,161210,82
JS 9309.1 ,151120,12
JS 9309.2 ,150908,1
JS 9309.2 ,160126,4
JS 9309.2 ,160420,8
JS 9309.2 ,160519,8
JS 9309.2 ,160808,53
JS 9309.3 ,160420,22
JS 9309.3 ,160519,1
JS 9309.4 ,150310,8
JS 9309.4 ,160519,40
JS 9310.1 ,150122,38
JS 9310.2 ,150122,51
JS 9310.2 ,150408,11
JS 9311.1 ,160922,5
JS 9311.1 ,161103,32
JS 9311.2 ,150828,3
JS 9311.2 ,160223,1
JS 9311.2 ,160922,1
JS 9311.2 ,161215,68
JS 9311.3 ,160808,5
JS 9311.3 ,161103,32
JS 9312.1 ,150127,5
JS 9312.1 ,160412,24
JS 9312.2 ,150702,22
JS 9312.3 ,150324,11
JS 9312.4 ,160412,0
JS 9313.1 ,150316,23
JS 9313.1 ,161102,12
JS 9313.3 ,150316,12
JS 9313.3 ,160126,1
JS 9313.3 ,161102,12
JS 9313.4 ,150225,11
JS 9313.4 ,160126,16
JS 9314.1 ,150828,0
JS 9314.2 ,150129,0
JS 9315.1 ,150128,18
JS 9315.2 ,150128,1
JS 9315.2 ,160921,10
JS 9315.3 ,150128,1
JS 9315.3 ,160425,14
JS 9315.3 ,160824,16
JS 9315.3 ,160921,40
JS 9316.1 ,151029,13
JS 9316.1 ,160524,11
JS 9316.2 ,150312,17
JS 9316.2 ,150706,3
JS 9316.2 ,160901,8
JS 9316.3 ,150130,16
JS 9316.3 ,150410,2
JS 9317.1 ,150310,11
JS 9317.1 ,151104,24
JS 9317.2 ,150701,5
JS 9317.2 ,151230,12
JS 9317.4 ,150310,4
JS 9317.4 ,150811,20
JS 9317.6 ,150310,19
JS 9317.6 ,150410,5
JS 9318.1 ,150203,1
JS 9318.1 ,150313,17
JS 9318.2 ,150824,3
JS 9321.1 ,150311,27
JS 9321.2 ,150311,2
JS 9321.3 ,160623,6
JS 9321.3 ,160920,28
JS 9321.4 ,161203,35
JS 9321.5 ,150311,17
JS 9321.5 ,160809,6
JS 9321.5 ,160920,12
JS 9321.6 ,150311,1
JS 9321.6 ,160519,16
JS 9321.6 ,160809,20
JS 9322.1 ,150626,12
JS 9322.2 ,150309,0
JS 9322.4 ,150626,23
JS 9323.1 ,150127,7
JS 9323.2 ,150127,1
JS 9323.2 ,150629,17
JS 9323.3 ,150127,32
JS 9323.4 ,150127,14
JS 9323.4 ,150629,25
JS 9324.1 ,150617,0
JS 9324.2 ,150318,80
JS 9324.3 ,150318,14
JS 9324.3 ,150617,15
JS 9324.3 ,150702,1
JS 9325.1 ,150306,27
JS 9325.2 ,161209,80
JS 9325.3 ,150508,11
JS 9325.3 ,161209,100
JS 9325.4 ,150722,36
LV 110110.1 ,2,2
LV 110110.1 ,5,132
LV 110110.1 ,11,1
LV 110110.2 ,4,1
LV 110110.2 ,5,48
LV 110110.2 ,18,60
LV 110110.2 ,20150505,1
LV 110110.3 ,2,1
LV 110110.3 ,4,33
LV 110110.3 ,5,96
LV 110110.3 ,20150505,1
LV 110110.4 ,2,45
LV 110110.4 ,32,9
LV 110110.4 ,20150505,73
LV 110111.1 ,5,25
LV 110111.2 ,5,48
LV 110111.2 ,13,60
LV 110111.2 ,20150505,7
LV 110111.3 ,5,140
LV 110111.3 ,20150505,1
LV 110111.4 ,2,1
LV 110111.4 ,4,2
LV 110111.4 ,5,132
LV 110111.5 ,5,237
LV 110112.1 ,2,29
LV 110112.1 ,4,60
LV 110112.1 ,5,48
LV 110112.1 ,22,4
LV 110112.1 ,20150505,3
LV 110112.2 ,5,46
LV 110112.2 ,11,103
LV 110112.3 ,20150505,94
LV 110112.4 ,4,66
LV 110112.4 ,5,49
LV 110113.1 ,20150505,53
LV 110113.2 ,2,42
LV 110113.2 ,5,96
LV 110113.2 ,17,18
LV 110113.3 ,2,103
LV 110113.3 ,19,19
LV 110113.3 ,20150505,90
LV 110113.4 ,5,192
LV 110113.4 ,31,23
LV 110114.1 ,2,208
LV 110114.1 ,4,5
LV 110114.2 ,2,1
LV 110114.2 ,4,101
LV 110114.2 ,5,48
LV 110114.2 ,15,4
LV 110114.3 ,2,87
LV 110114.3 ,12,18
LV 110114.4 ,2,100
LV 110114.4 ,12,62
LV 110115.1 ,5,78
LV 110115.2 ,5,96
LV 110115.2 ,18,63
LV 110115.3 ,4,88
LV 110115.3 ,5,48
LV 110115.3 ,12,16
LV 110115.4 ,2,31
LV 110115.4 ,20,4
LV 110115.4 ,20150505,57
LV 110115.5 ,4,140
LV 110116.1 ,4,0
LV 110116.2 ,17,83
LV 110116.3 ,5,113
LV 110116.3 ,18,1
LV 110116.4 ,5,59
LV 110116.4 ,17,8
LV 110116.4 ,20150505,1
LV 110116.5 ,4,3
LV 110116.5 ,5,104
LV 110116.5 ,20,1
LV 110117.1 ,4,1
LV 110117.1 ,5,158
LV 110117.2 ,4,3
LV 110117.2 ,5,82
LV 110117.3 ,4,1
LV 110117.3 ,5,81
LV 110117.3 ,24,1
LV 110117.4 ,4,193
LV 110117.5 ,4,1
LV 110117.5 ,5,31
LV 110117.5 ,29,1
LV 110117.6 ,4,48
LV 110117.6 ,5,48
LV 110117.6 ,20150505,1
LV 110117.7 ,4,72
LV 110117.7 ,20150505,1
LV 110118.1 ,5,72
LV 110118.1 ,26,37
LV 110118.2 ,4,1
LV 110118.2 ,5,137
LV 110118.3 ,4,23
LV 110118.3 ,5,140
LV 110118.3 ,20150505,2
LV 110118.4 ,4,22
LV 110118.4 ,5,48
LV 110118.4 ,14,26
LV 110118.4 ,20150505,40
LV 110118.5 ,2,29
LV 110118.5 ,14,34
LV 110118.5 ,20150505,74
LV 110119.1 ,2,32
LV 110119.1 ,150604A,69
LV 110119.1 ,160122A,45
LV 110119.2 ,2,3
LV 110119.2 ,5,48
LV 110119.2 ,150604A,1
LV 110119.3 ,2,33
LV 110119.3 ,24,69
LV 110119.4 ,5,31
LV 110119.4 ,150604A,81
LV 110119.5 ,5,48
LV 110119.5 ,150604A,29
LV 110119.5 ,160122A,2
LV 110119.6 ,150604A,85
LV 110119.7 ,2,29
LV 110119.7 ,28,103
LV 110120.1 ,2,1
LV 110120.1 ,5,120
LV 110120.2 ,2,4
LV 110120.2 ,150604A,59
LV 110120.2 ,160122A,36
LV 110120.3 ,2,3
LV 110120.3 ,5,110
LV 110120.4 ,2,38
LV 110120.4 ,13,83
LV 110121.1 ,5,137
LV 110121.1 ,21,1
LV 110121.2 ,2,26
LV 110121.2 ,34,120
LV 110121.3 ,2,44
LV 110121.3 ,24,121
LV 110121.4 ,2,6
LV 110121.4 ,13,76
LV 110122.1 ,2,1
LV 110122.1 ,4,44
LV 110122.1 ,5,144
LV 110122.1 ,19,1
LV 110122.2 ,26,0
LV 110122.3 ,5,74
LV 110122.4 ,2,50
LV 110122.4 ,4,4
LV 110122.4 ,5,36
LV 110122.4 ,15,25
LV 110122.5 ,2,1
LV 110122.5 ,4,2
LV 110122.5 ,5,72
LV 110122.5 ,18,18
LV 110122.6 ,2,48
LV 110122.6 ,10,92
LV 110122.7 ,15,92
LV 110123.1 ,4,1
LV 110123.1 ,5,141
LV 110123.2 ,2,44
LV 110123.2 ,5,36
LV 110123.2 ,31,63
LV 110123.3 ,2,55
LV 110123.3 ,18,13
LV 110123.4 ,2,1
LV 110123.4 ,5,80
LV 110123.4 ,18,3
LV 110124.1 ,5,48
LV 110124.1 ,28,29
LV 110124.2 ,2,48
LV 110124.2 ,4,48
LV 110124.2 ,13,22
LV 110124.3 ,2,10
LV 110124.4 ,2,1
LV 110124.4 ,4,58
LV 110124.4 ,5,48
LV 110124.4 ,17,16
LV 110124.5 ,2,3
LV 110124.5 ,5,72
LV 110124.5 ,10,48
LV 110125.1 ,5,72
LV 110125.1 ,20150505,57
LV 110125.2 ,2,56
LV 110125.2 ,13,40
LV 110125.2 ,20150505,107
LV 110125.3 ,20150505,107
LV 110125.4 ,2,21
LV 110125.4 ,20150505,92
LV 110126.1 ,4,30
LV 110126.1 ,20,16
LV 110126.2 ,2,59
LV 110126.2 ,24,2
LV 110126.3 ,2,1
LV 110126.3 ,5,24
LV 110126.3 ,18,40
LV 110126.4 ,17,51
LV 110126.5 ,2,81
LV 110126.5 ,10,14
LV 110126.6 ,5,36
LV 110126.6 ,16,83
LV 110126.7 ,2,29
LV 110126.7 ,4,3
LV 110126.7 ,17,46
LV 110126.8 ,2,41
LV 110126.8 ,11,98
LV 110127.1 ,4,1
LV 110127.1 ,5,168
LV 110127.1 ,24,14
LV 110127.1 ,20150505,1
LV 110127.2 ,2,29
LV 110127.2 ,20,48
LV 110127.2 ,20150505,65
LV 110127.3 ,2,50
LV 110127.3 ,20150505,123
LV 110127.4 ,20150505,106
LV 110128.1 ,4,9
LV 110128.1 ,5,144
LV 110128.2 ,2,0
LV 110128.3 ,4,1
LV 110128.3 ,5,133
LV 110128.3 ,20150505,1
LV 110128.4 ,5,160
LV 110128.5 ,2,52
LV 110128.5 ,4,8
LV 110128.5 ,8,48
LV 110128.5 ,20150505,45
LV 110128.6 ,4,72
LV 110128.6 ,9,2
LV 110129.1 ,2,5
LV 110129.1 ,4,1
LV 110129.1 ,5,144
LV 110129.1 ,21,30
LV 110129.2 ,4,1
LV 110129.2 ,12,222
LV 110129.3 ,2,60
LV 110129.3 ,13,78
LV 110129.3 ,20150505,20
MD 90202,2003,8
MD 90203,1013,0
MD 90205,1008,1
MD 90205,2005,4
MD 90206,1003,1
MD 90206,1010,2
MD 90206,2003,1
MD BC 8102,1003,1
MD BC 8102,1013,3
MD BC 8105,2003,3
MD BC 8105,2005,7
MD BC 8106,2003,18
MD BC 8106,2005,29
MD BC 8141,1005,3
MD BC 8141,2001,1
MD BC 8141,2005,2
MD BC 8142,1010,1
MD BC 8142,1013,1
MD BC 8142,2003,1
MD BC 8146,2003,5
MD BC 8171,1004,1
MD BC 8171,1013,1
MD BC 8173,1003,64
MD BC 8173,1004,1
MD BC 8173,2004,2
MD BC 8173,2005,2
MD BC 8174,2003,1
MD BC 8175,1006,1
MD BC 8175,1013,1
MD BC 8175,2003,1
MD BC 8175,2006,1
MD BC 8176,2003,1
MD BC 8177,1003,2
MD BC 8177,2001,1
MD BE 5201,1013,2
MD BE 5201,2003,2
MD BE 5202,1008,1
MD BE 5204,1010,1
MD BE 5207,1003,1
MD BE 5207,1010,9
MD BE 5301,2003,1
MD BE 5301,2005,5
MD BE 5304,1008,2
MD BE 5304,1013,2
MD BE 5304,2003,1
MD BE 5304,2005,3
MD BE 5305,1003,5
MD BE 5305,1010,4
MD BE 5306,1008,2
MD BE 5306,2003,12
MD BE 5801,1008,30
MD BE 5801,2001,9
MD BE 5803,2001,18
MD BE 5804,1008,4
MD BE 5804,2001,20
MD DO6 6301,1008,14
MD DO6 6301,2001,17
MD DO6 6303,1010,12
MD DO6 6303,2001,2
MD DO6 6304,1010,3
MD DO6 6306,2002,81
MD DO6 6401,1008,3
MD DO6 6401,1010,10
MD DO6 6401,2005,11
MD DO6 6402,2001,3
MD DO6 6402,2005,2
MD DO6 6403,1001,2
MD DO6 6403,1010,2
MD DO6 6403,2004,1
MD DO6 6404,1003,1
MD DO6 6404,1010,17
MD DO6 6404,2001,1
MD DO6 6405,1010,1
MD DO6 6406,1001,1
MD DO6 6406,1011,1
MD DO6 6406,1013,1
MD DO6 6501,2001,17
MD DO6 6501,2005,2
MD DO6 6502,1008,1
MD DO6 6502,1010,2
MD DO6 6502,9002001,7
MD DO6 6503,2001,1
MD DO6 6504,2003,2
MD DO6 6504,2005,20
MD DO6 6505,1010,1
MD DO6 6506,2001,18
MD DO6 6601,1001,1
MD DO6 6601,1003,1
MD DO6 6602,2001,1
MD DO6 6604,2003,-1
MD DO6 6605,1008,1
MD DO6 6605,2005,18
MD DO6 6701,2001,7
MD DO6 6702,1010,4
MD DO6 6702,1013,1
MD DO6 6703,1010,1
MD DO6 6904,1014,5
MD DO6 6904,2003,3
MD DO6 6905,1013,3
MD DO6 6905,2005,2
MD DO6 6906,1008,1
MD DO6 6906,2005,1
MD E14 5301,1013,16
MD E14 5301,2013,4
MD E14 5302,2001,6
MD E14 5302,2004,42
MD E14 5305,1008,27
MD E14 5305,1010,4
MD E14 5306,2003,55
MD E14 5307,2003,56
MD E14 5307,2005,26
MD E14 5401,2003,1
MD E14 5402,2001,12
MD E14 5403,1010,1
MD E14 5403,2005,1
MD E14 5404,2003,1
MD E14 5404,2005,2
MD E14 5405,2001,11
MD E14 5406,2001,12
MD E28 8506,1013,4
MD E28 8506,2005,1
MD E28 8907,1008,2
MD E28 8907,1013,12
MD E28 8907,2001,1
MD E28 8907,2003,2
MD E28 8907,2005,1
MD MA 6601,1013,1
MD MA 6604,1010,1
MD MA 6605,2005,2
MD MA 6606,1013,2
MRJ 20010.1 ,510,262
MRJ 20010.1 ,604,53
MRJ 20010.2 ,515,148
MRJ 20010.2 ,602,11
MRJ 20010.3 ,510,183
MRJ 20010.3 ,602,68
MRJ 20010.4 ,514,122
MRJ 20010.4 ,604,1
MRJ 20010.4 ,607,30
MRJ 20010.5 ,509,142
MRJ 20010.5 ,601,71
MRJ 20010.6 ,507,135
MRJ 20010.6 ,601,4
MRJ 20010.6 ,602,32
MRJ 20011.1 ,603,58
MRJ 20011.1 ,605,2
MRJ 20011.1 ,1602,1
MRJ 20011.2 ,512,79
MRJ 20011.2 ,602,25
MRJ 20011.2 ,604,45
MRJ 20011.3 ,517,134
MRJ 20011.3 ,607,35
MRJ 20011.3 ,1602,59
MRJ 20011.4 ,513,31
MRJ 20011.4 ,606,96
MRJ 20011.4 ,614,80
MRJ 20011.5 ,604,187
MRJ 20011.5 ,605,12
MRJ 20012.1 ,610,6
MRJ 20012.1 ,611,1
MRJ 20012.1 ,615,64
MRJ 20012.2 ,6051,104
MRJ 20012.3 ,510,12
MRJ 20012.3 ,603,67
MRJ 20012.3 ,604,81
MRJ 20012.4 ,609,77
MRJ 20012.4 ,611,21
MRJ 20012.4 ,617,48
MRJ 20013.1 ,604,109
MRJ 20013.1 ,606,1
MRJ 20013.1 ,6051,6
MRJ 20013.2 ,605,91
MRJ 20013.2 ,6051,48
MRJ 20013.2 ,6031-2,8
MRJ 20013.3 ,605,96
MRJ 20013.3 ,6032,73
MRJ 20013.3 ,6061,27
MRJ 20013.4 ,6020,116
MRJ 20013.4 ,6031,45
MRJ 20013.4 ,6061,1
MRJ 20014.1 ,612,147
MRJ 20014.2 ,511,1
MRJ 20014.2 ,606,204
MRJ 20014.2 ,1601,1
MRJ 20014.2 ,6051,3
MRJ 20014.3 ,606,138
MRJ 20014.3 ,1601,1
MRJ 20014.3 ,6092,6
MRJ 20014.4 ,605,2
MRJ 20014.4 ,1601,87
MRJ 20014.5 ,607,26
MRJ 20014.5 ,612,112
MRJ 20015.1 ,6051,1
MRJ 20015.1 ,6081,196
MRJ 20015.2 ,6081,138
MRJ 20015.3 ,6081,114
MRJ 20015.3 ,6101,33
MRJ 20015.4 ,606,1
MRJ 20015.4 ,6051,184
MRJ 20015.4 ,6032-1,6
MRJ 20016.1 ,607,80
MRJ 20016.1 ,608,42
MRJ 20016.1 ,6061-3,1
MRJ 20016.2 ,602,132
MRJ 20016.2 ,6032,1
MRJ 20016.3 ,603,158
MRJ 20016.4 ,604,120
MRJ 20016.4 ,6032,10
MRJ 20017.1 ,607,10
MRJ 20017.1 ,608,92
MRJ 20017.1 ,6121,48
MRJ 20017.2 ,603,86
MRJ 20017.3 ,513,78
MRJ 20017.3 ,1601,6
MRJ 20017.3 ,6041,48
MRJ 20017.4 ,514,1
MRJ 20017.4 ,603,91
MRJ 20017.4 ,604,109
MRJ 20017.5 ,604,41
MRJ 20017.5 ,606,96
MRJ 20017.6 ,601,1
MRJ 20017.6 ,603,79
MRJ 20017.6 ,607,63
MRJ 20017.7 ,505,58
MRJ 20017.7 ,601,80
MRJ 20017.7 ,1601,2
MRJ 20018.1 ,606,125
MRJ 20018.1 ,607,1
MRJ 20018.1 ,610,64
MRJ 20018.2 ,605,102
MRJ 20018.3 ,520,38
MRJ 20018.4 ,607,140
MRJ 20018.5 ,604,8
MRJ 20018.5 ,606,192
MRJ 20018.6 ,602,87
MRJ 20018.7 ,602,1
MRJ 20018.7 ,604,22
MRJ 20018.7 ,6061,70
MRJ 20019.1 ,6071-1,191
MRJ 20019.2 ,6032,1
MRJ 20019.2 ,6061,181
MRJ 20019.2 ,6071,144
MRJ 20019.3 ,607,85
MRJ 20019.3 ,6061,13
MRJ 20019.4 ,608,1
MRJ 20019.4 ,6061,3
MRJ 20019.4 ,6112,54
MRJ 20019.5 ,608,1
MRJ 20019.5 ,6061,9
MRJ 20019.5 ,6112,97
MRJ 20019.6 ,604,69
MRJ 20019.6 ,6052,39
MRJ 20020.1 ,6063,10
MRJ 20020.1 ,6073-3,160
MRJ 20020.2 ,616,1
MRJ 20020.2 ,6071,4
MRJ 20020.2 ,6111,121
MRJ 20020.3 ,606,55
MRJ 20020.3 ,6052,80
MRJ 20020.4 ,610,111
MRJ 20020.4 ,6061,48
MRJ 20020.4 ,6033-1,24
MRJ 20020.5 ,6081,87
MRJ 20020.5 ,6111,237
MRJ 20021.1 ,514,4
MRJ 20021.1 ,608,45
MRJ 20021.1 ,6091,112
MRJ 20021.2 ,603,97
MRJ 20021.2 ,6041,64
MRJ 20021.3 ,513,81
MRJ 20021.3 ,604,1
MRJ 20021.3 ,607,45
MRJ 20021.4 ,522,1
MRJ 20021.4 ,609,1
MRJ 20021.4 ,611,54
MRJ 20021.4 ,616,91
MRJ 20022.1 ,603,1
MRJ 20022.1 ,6062,198
MRJ 20022.2 ,610,141
MRJ 20022.3 ,508,1
MRJ 20022.3 ,601,81
MRJ 20022.4 ,604,2
MRJ 20022.4 ,6051,213
MRJ 20022.5 ,505,1
MRJ 20022.5 ,506,172
MRJ 20023.1 ,607,128
MRJ 20023.2 ,511,57
MRJ 20023.2 ,603,4
MRJ 20023.2 ,1601,1
MRJ 20023.3 ,510,125
MRJ 20023.3 ,1601-1,23
MRJ 20023.4 ,508,104
MRJ 20023.4 ,602,78
MRJ 20023.5 ,511,1
MRJ 20023.5 ,6031,137
MRJ 20024.1 ,518,1
MRJ 20024.1 ,608,200
MRJ 20024.1 ,1601,1
MRJ 20024.1 ,6061,1
MRJ 20024.2 ,509,1
MRJ 20024.2 ,602,93
MRJ 20024.2 ,1601,1
MRJ 20024.3 ,514,101
MRJ 20024.3 ,1601,8
MRJ 20024.4 ,516,15
MRJ 20024.4 ,603,43
MRJ 20024.4 ,1601,4
MRJ 20025.1 ,604,124
MRJ 20025.2 ,604,128
MRJ 20025.2 ,6032,4
MRJ 20025.3 ,603,53
MRJ 20025.3 ,6051,1
MRJ 20025.4 ,604,15
MRJ 20025.4 ,6041,48
MRJ 20025.4 ,6031-1,1
MRJ 20025.5 ,603,49
MRJ 20025.5 ,604,2
MRJ 20025.5 ,6051,3
MRJ 20025.5 ,6071,64
MRJ 20026.1 ,611,99
MRJ 20026.1 ,6032,1
MRJ 20026.1 ,6062,42
MRJ 20026.1 ,6072-1,26
MRJ 20026.2 ,6031,3
MRJ 20026.2 ,6061,6
MRJ 20026.2 ,6111,128
MRJ 20026.3 ,608,77
MRJ 20026.3 ,6032,4
MRJ 20026.3 ,6061,96
MRJ 20026.4 ,606,104
MRJ 20026.4 ,6031,42
MRJ 20026.4 ,6061,48
MRJ 20027.1 ,606,127
MRJ 20027.1 ,6031,44
MRJ 20027.2 ,603,116
MRJ 20027.3 ,610,88
MRJ 20027.3 ,6062,1
MRJ 20027.4 ,603,26
MRJ 20027.4 ,604,1
MRJ 20027.4 ,6061-1,75
MRJ 20027.5 ,608,92
MRJ 20027.5 ,6033,1
MRJ 20027.5 ,6052,17
MRJ 20027.5 ,6073,48
MRJ 20027.6 ,607,76
MRJ 20027.6 ,6054,25
MRJ 20027.6 ,6081,130
MRJ 20028.1 ,6061,7
MRJ 20028.1 ,6081,100
MRJ 20028.2 ,611,1
MRJ 20028.2 ,6033,39
MRJ 20028.2 ,6072-4,64
MRJ 20028.3 ,608,96
MRJ 20028.3 ,6031,1
MRJ 20028.3 ,6061-1,18
MRJ 20028.4 ,6081,172
MRJ 20028.4 ,6061-1,6
MRJ 20028.5 ,6071,98
MRJ 20028.5 ,6032-1,1
MRJ 20028.6 ,610,99
MRJ 20028.6 ,6054,13
MRJ 20028.7 ,6071,105
MRJ 20028.7 ,6112,48
MRJ 20028.8 ,604,84
MRJ 20028.8 ,6031,5
MRJ 20029.1 ,602,132
MRJ 20029.1 ,6032,30
MRJ 20029.10,604,54
MRJ 20029.10 ,6061,48
MRJ 20029.2 ,603,122
MRJ 20029.2 ,6031,33
MRJ 20029.3 ,601,140
MRJ 20029.4 ,601,185
MRJ 20029.5 ,606,1
MRJ 20029.5 ,6031,1
MRJ 20029.5 ,6061,6
MRJ 20029.5 ,6081,208
MRJ 20029.6 ,6031,2
MRJ 20029.6 ,6062,139
MRJ 20029.7 ,607,123
MRJ 20029.7 ,6031,2
MRJ 20029.7 ,6062,39
MRJ 20029.8 ,608,130
MRJ 20029.8 ,6032,22
MRJ 20029.9 ,607,103
MRJ 20029.9 ,6031,19
MRJ 20029.9 ,6061-1,48
MRJ 20030.1 ,516,17
MRJ 20030.1 ,608,152
MRJ 20030.2 ,607,2
MRJ 20030.2 ,608,80
MRJ 20030.2 ,1602,15
MRJ 20030.3 ,601,245
MRJ 20030.3 ,1601-1,2
MRJ 20030.4 ,508,39
MRJ 20030.4 ,605,80
MRJ 20030.4 ,1602,2
MT 71031 ,1,3
MT 71032 ,1,49
MT 71033 ,1,325
MT 71035 ,1,390
MT 71036 ,1,423
MT 71037 ,1,11
MT 71039 ,1,272
MT 710410 ,1,90
MT 710411 ,1,0
MT 71045 ,1,175
MT 71046 ,1,249
MT 71048 ,1,241
MT 71501 ,1,208
MT 71502 ,1,228
MT 71503 ,1,207
MT 71505 ,1,296
MT 71601 ,1,314
MT 71602 ,1,331
MT 71603 ,1,261
MT 71605 ,1,229
MT 71606 ,1,247
MT 71608 ,1,281
MT 71609 ,1,247
MT 71611 ,1,315
MT 71801 ,1,349
MT 71802 ,1,329
MT 71803 ,1,232
MT 7A001 ,1,198
MT 7A002 ,1,288
MT 7A003 ,1,200
MT 7A005 ,1,328
MT 7A006 ,1,232
MT 7A007 ,1,255
MT 7A008 ,1,205
MT 7A101 ,1,1
MT 7A102 ,1,128
MT 7A103 ,1,180
MT 7A105 ,1,201
MT 7A107 ,1,205
MT 7A108 ,1,117
MT 7A201 ,1,223
MT 7A202 ,1,239
MT 7A203 ,1,201
MT 7A205 ,1,146
MT 7A206 ,1,125
MT 7A207 ,1,23
MT 7A301 ,1,254
MT 7A302 ,1,308
MT 7A303 ,1,317
MT 7A305 ,1,192
MT 7A306 ,1,221
MT 7A501 ,1,191
MT 7A502 ,1,226
MT 7A503 ,1,188
MT 7A505 ,1,219
MT 7A506 ,1,230
MT 7A507 ,1,144
MT 7A508 ,1,194
MT 7A601 ,1,520
MT 7A602 ,1,191
MT 7A603 ,1,270
MT 7A605 ,1,253
MT 7A606 ,1,275
MT 7A701 ,1,154
MT 7A702 ,1,185
MT 7A703 ,1,119
MT 7A705 ,1,99
MT 7A706 ,1,161
MT 7A707 ,1,180
MT 7A708 ,1,202
MT 7A709 ,1,0
MT 7A901 ,1,341
MT 7A902 ,1,318
MT 7A903 ,1,225
MT 7A905 ,1,236
MT 7A906 ,1,289
MT MS 1011 ,1,169
MT MS 1012 ,1,339
MT MS 1013 ,1,85
MT MS 1015 ,1,259
MT MS 1016 ,1,275
MT MS 1017 ,1,332
MT MS 1095 ,1,75
MT MS 1096 ,1,250
MT MS 1097 ,1,201
MT MS 1098 ,1,267
MT MS 1101 ,1,187
MT MS 1102 ,1,108
MT MS 1103 ,1,112
MT MS 1105 ,1,228
MT MS 1151 ,1,455
MT MS 1152 ,1,410
MT MS 1153 ,1,476
MT MS 1155 ,1,480
MT MS 1156 ,1,343
MT MS 1157 ,1,311
MT MS 1158 ,1,475
PN2 2544.1 ,170227,80
PN2 2544.3 ,170227,97
PN2 2544.4 ,170227,80
PN2 2547.2 ,170222,138
PN2 2547.3 ,170324,99
PN2 2547.5 ,170222,160
PN2 2601.3 ,170220,40
PN2 2602.3 ,170222,38
PN2 2605.1 (9266.1),170222,37
PN2 2608.1 ,170302,60
PN2 2608.2 ,170302,60
PN2 2608.3 ,170302,59
PN2 2609.1 (9304.1),170227,40
PN2 2609.2 (9304.2),170227,40
PN2 2613.1 ,170223,58
PN2 2613.2 ,170223,26
PN2 2614.1 ,170309,40
PN2 2614.2 ,170309,40
PN2 2614.3 ,170309,40
PN2 2614.4 ,170309,40
PN2 2615.1 ,170221,60
PN2 2615.2 ,170221,24
PN2 2615.3 ,170221,40
PN2 2615.4 ,170221,38
PN2 2616.1 ,170222,69
PN2 2616.2 ,170222,92
PN2 2617.1 ,170301,95
PN2 2617.2 ,170301,120
PN2 2617.3 ,170301,100
PN2 2617.4 ,170301,120
PN2 2618.1 ,170224,73
PN2 2618.2 ,170224,58
PN2 2619.1 ,170224,80
PN2 2619.2 ,170224,60
PN2 2619.3 ,170224,60
PN2 2619.4 ,170224,100
PN2 2620.1 ,170227,116
PN2 2620.2 ,170227,79
PN2 2620.3 ,170227,120
PN2 2620.4 ,170227,140
PN2 2621.1 ,170217,74
PN2 2621.2 ,170217,78
PN2 2621.3 ,170217,80
PN2 2622.1 ,170227,60
PN2 2622.2 ,170227,60
PN2 2622.3 ,170227,77
PN2 2622.4 ,170227,98
PN2 2623.1 ,170228,100
PN2 2623.2 ,170228,60
PN2 2623.3 ,170228,99
PN2 2624.1 ,170228,74
PN2 2624.2 ,170228,156
PN2 2624.3 ,170228,79
PN2 2624.4 ,170228,158
PN2 2625.1 ,170220,60
PN2 2625.2 ,170220,53
PN2 2625.3 ,170220,36
PN2 2626.1 ,170222,78
PN2 2626.2 ,170222,75
PN2 2626.3 ,170222,32
PN2 2627.1 ,170301,60
PN2 2627.2 ,170301,57
PN2 2627.3 ,170301,60
PN2 2627.4 ,170301,60
PN2 2628.1 ,170224,53
PN2 2628.2 ,170224,100
PN2 2629.1 ,170217,80
PN2 2629.2 ,170217,75
PN2 2629.3 ,170217,80
PN2 2629.4 ,170217,75
PN2 2629.5 ,170217,60
PN2 2630.1 ,170221,76
PN2 2630.2 ,170221,99
PN2 2630.3 ,170221,158
PN2 2630.4 ,170221,79
SLD 500.1    ,6901,224
SLD 500.10       ,6901,100
SLD 500.11       ,6901,163
SLD 500.2  ,6901,219
SLD 500.3  ,6901,182
SLD 500.4  ,6901,171
SLD 500.5  ,6901,167
SLD 500.6  ,6901,0
SLD 500.7  ,6901,0
SLD 500.8  ,6901,189
SLD 500.9  ,6902,90
SLD 501.1  ,6902,201
SLD 501.2  ,6902,149
SLD 501.4  ,6901,141
SLD 502.1,6901,1
SLD 502.1,170115,158
SLD 502.2,170224,251
SLD 502.2,170313,180
SLD 502.3,6901,5
SLD 502.3,170224,157
SLD 502.4,170224,601
SLD 502.4,170313,180
SLD 502.5,6901,1
SLD 502.5,170224,177
SLD 502.5,170313,348
SLD 502.6,6901,100
SLD 502.7,6901,2
SLD 502.7,170313,143
SLD 502.8,6901,96
SLD 502.8,170224,180
SLD 503.1,106,173
SLD 503.1,170313,564
SLD 503.2,6901,1
SLD 503.2,170224,116
SLD 503.2,170313,180
SLD 503.3,6901,135
SLD 503.4,6901,168
SLD 503.5,6902,168
SLD 504.1,6901,97
SLD 504.10,170307,180
SLD 504.10 ,6901,111
SLD 504.11   ,6901,1
SLD 504.2 ,6901,138
SLD 504.3 ,6901,184
SLD 504.4 ,6901,41
SLD 504.4 ,170307,180
SLD 504.5 ,6901,97
SLD 504.6 ,6912,44
SLD 504.6 ,170313,180
SLD 504.7 ,6901,30
SLD 504.7 ,170307,180
SLD 504.8 ,6901,158
SLD 504.9 ,6901,145
SLD 505.1 ,6902,30
SLD 505.1 ,170313,180
SLD 505.2 ,170313,180
SLD 505.3 ,6901,1
SLD 505.3 ,170224,150
SLD 505.3 ,170313,180
SLD 505.4 ,6901,2
SLD 505.4 ,170224,90
SLD 505.4 ,170313,300
SLD 505.5 ,170224,151
SLD 505.6 ,6903,143
SLD 505.7 ,6901,3
SLD 505.7 ,170313,258
SLD 505.8 ,6901,123
SLD 505.9 ,6901,72
SLD 506.1 ,6902,3
SLD 506.1 ,6903,15
SLD 506.1 ,170313,162
SLD 506.10 ,6902,81
SLD 506.11 ,6902,123
SLD 506.12 ,6902,173
SLD 506.13 ,6902,230
SLD 506.14 ,6902,114
SLD 506.14 ,170224,180
SLD 506.2 ,6902,4
SLD 506.2 ,6903,130
SLD 506.2 ,170313,180
SLD 506.3 ,6902,218
SLD 506.4 ,6902,151
SLD 506.5 ,6902,111
SLD 506.6 ,6903,142
SLD 506.6 ,170224,180
SLD 506.7 ,6902,179
SLD 506.8 ,6902,140
SLD 506.9 ,6902,193
SLD 507.1 ,6902,9
SLD 507.1 ,6903,65
SLD 507.2 ,6902,119
SLD 507.3 ,6902,1
SLD 507.3 ,170313,204
SLD 507.4 ,6902,219
SLD 507.5 ,6901,194
SLD 507.6 ,6902,187
SLD 507.7 ,6902,152
SLD 507.8 ,6902,178
SLD 507.9 ,6902,160
SLD 508.1 ,6012,10
SLD 508.1 ,170313,180
SLD 508.2 ,6012,88
SLD 508.2 ,170224,180
SLD 508.3 ,6012,3
SLD 508.3 ,170313,122
SLD 508.4 ,6012,1
SLD 508.4 ,170313,180
SLD 508.5 ,6012,103
SLD 508.5 ,170224,60
SLD 508.6 ,6012,99
SLD 508.6 ,170313,180
SLD 508.7 ,6012,130
SLD 508.8 ,6012,151
SLD 509.1 ,6012,180
SLD 509.2 ,6012,141
SLD 509.2 ,170313,180
SLD 509.3 ,6012,165
SLD 509.4 ,6012,180
SLD 509.5 ,6012,166
SLD 509.6 ,6012,168
SLD 509.7 ,6012,169
SLD 509.8 ,6012,158
SLD 510.1 ,6901,100
SLD 510.2 ,6901,127
SLD 510.2 ,170224,192
SLD 510.3 ,6901,89
SLD 510.3 ,170224,180
SLD 510.4 ,6901,81
SLD 510.4 ,170224,180
SLD 510.5 ,6901,162
SLD 510.6 ,6901,191
SLD 510.7 ,6902,148
SLD 510.7 ,170313,180
SLD 510.8 ,6901,176
SLD 510.9 ,6902,200
SLD 511.1 ,6908,56
SLD 511.1 ,170224,216
SLD 511.10 ,6908,4
SLD 511.10 ,170224,202
SLD 511.10 ,170313,228
SLD 511.11 ,6908,137
SLD 511.2 ,6908,112
SLD 511.2 ,170224,180
SLD 511.3 ,6908,202
SLD 511.4 ,6908,210
SLD 511.5 ,6901,147
SLD 511.6 ,6902,4
SLD 511.7 ,6908,1
SLD 511.7 ,170224,705
SLD 511.8 ,6908,3
SLD 511.8 ,170224,180
SLD 511.8 ,170313,180
SLD 511.9 ,6908,122
SLD 512.1 ,6908,1
SLD 512.1 ,170313,116
SLD 512.2 ,6901,2
SLD 512.2 ,170224,107
SLD 512.3 ,6901,81
SLD 512.4 ,6908,39
SLD 512.4 ,170313,72
SLD 512.5 ,6908,147
SLD 513.1 ,6901,83
SLD 513.10,170313,150
SLD 513.11 ,6901,187
SLD 513.2 ,6903,1
SLD 513.2 ,170224,389
SLD 513.2 ,170313,192
SLD 513.3 ,6901,122
SLD 513.4 ,6901,117
SLD 513.5 ,6901,201
SLD 513.6 ,6903,2
SLD 513.6 ,6904,1
SLD 513.6 ,170224,321
SLD 513.6 ,170313,204
SLD 513.7 ,6903,1
SLD 513.7 ,6904,30
SLD 513.7 ,170224,199
SLD 513.7 ,170313,180
SLD 513.8 ,6903,6
SLD 513.8 ,170313,180
SLD 513.9 ,6903,120
SLD 513.9 ,170313,180
SLD 514.1 ,6905,136
SLD 514.10         ,6901,164
SLD 514.2 ,6901,140
SLD 514.3 ,6905,120
SLD 514.3 ,170224,180
SLD 514.4 ,6901,177
SLD 514.5 ,6901,140
SLD 514.5 ,170224,180
SLD 514.6 ,6901,205
SLD 514.7 ,6901,169
SLD 514.8 ,6901,239
SLD 514.9 ,6901,231
SLD 515.1 ,6905,95
SLD 515.2 ,6905,164
SLD 515.3 ,6905,199
SLD 515.4 ,6905,178
SLD 515.5 ,6905,191
SLD 515.6 ,6905,167
SLD 515.7 ,6905,207
SLD 515.8 ,6905,236
SLD 516.1 ,6901,116
SLD 516.2 ,6901,145
SLD 516.3 ,6901,116
SLD 516.3 ,170313,180
SLD 516.4 ,6905,96
SLD 518.1 ,6905,148
SLD 518.2 ,6905,131
SLD 518.2 ,170313,180
SLD 518.3 ,6905,103
SLD 518.4 ,6905,112
SLD 518.5 ,6905,1
SLD 518.5 ,170224,73
SLD 518.5 ,170313,360
SLD 518.6 ,6905,29
SUP 10059.1 ,150907,135
SUP 10059.2 ,150813,12
SUP 10059.2 ,150908,43
SUP 10059.3 ,150908,26
SUP 10059.3 ,170102,56
SUP 10059.4 ,151116,69
SUP 10059.4 ,170221,22
SUP 10059.5 ,150907,30
SUP 10059.5 ,160311,123
SUP 10060.1 ,150813,9
SUP 10060.1 ,151113,60
SUP 10060.2 ,150813,26
SUP 10060.2 ,151027,81
SUP 10060.3 ,151027,143
SUP 10060.4 ,150701,60
SUP 10060.4 ,150813,127
SUP 10060.5 ,150813,21
SUP 10060.5 ,151027,86
SUP 10061.1 ,150924,82
SUP 10061.2 ,150924,130
SUP 10061.3 ,150924,143
SUP 10062.1 ,150819,24
SUP 10062.1 ,150915,8
SUP 10062.1 ,170330,24
SUP 10062.2 ,150915,35
SUP 10062.2 ,160831,27
SUP 10062.3 ,150915,100
SUP 10062.4 ,150914,67
SUP 10063.1 ,151103,31
SUP 10063.1 ,161208,19
SUP 10063.2 ,150703,6
SUP 10063.2 ,151103,39
SUP 10064.1 ,150714,80
SUP 10064.2 ,150714,92
SUP 10064.3 ,150714,93
SUP 10064.4 ,151026,173
SUP 10064.5 ,150831,65
SUP 10064.5 ,151026,144
SUP 10065.1 ,150827,3
SUP 10065.1 ,150915,51
SUP 10065.2 ,150915,93
SUP 10065.3 ,150915,157
SUP 10065.4 ,150827,11
SUP 10065.4 ,150915,188
SUP 10065.5 ,150827,63
SUP 10065.5 ,150915,142
SUP 10066.1 ,150824,17
SUP 10066.1 ,151118,51
SUP 10066.2 ,150824,68
SUP 10066.2 ,151118,9
SUP 10066.3 ,150824,29
SUP 10066.3 ,151118,129
SUP 10066.4 ,150824,87
SUP 10066.5 ,150824,114
SUP 10067.1 ,150916,78
SUP 10067.2 ,150916,97
SUP 10067.3 ,150916,113
SUP 10067.4 ,150916,178
SUP 10067.5 ,150916,126
SUP 10068.1 ,150914,119
SUP 10068.2 ,150914,79
SUP 10068.2 ,151125,108
SUP 10068.3 ,150914,128
SUP 10068.3 ,151125,45
SUP 10068.4 ,150914,2
SUP 10068.4 ,151001,76
SUP 10068.4 ,160308,1
SUP 10068.5 ,151001,130
SUP 10069.1 ,150909,58
SUP 10069.2 ,150826,11
SUP 10069.2 ,160225,115
SUP 10069.3 ,150826,6
SUP 10069.3 ,150909,61
SUP 10069.4 ,150909,84
SUP 10069.5 ,150826,10
SUP 10069.5 ,150909,52
SUP 10069.6 ,150909,72
SUP 10070.1 ,150908,38
SUP 10070.1 ,160311,5
SUP 10070.2 ,150908,36
SUP 10070.2 ,170330,24
SUP 10070.3 ,150908,30
SUP 10070.3 ,160830,96
SUP 10070.4 ,150908,54
SUP 10070.5 ,150908,71
SUP 10070.5 ,160830,31
SUP 10071.1 ,150824,14
SUP 10071.1 ,150903,2
SUP 10071.1 ,170124,20
SUP 10071.2 ,150907,20
SUP 10071.2 ,160816,24
SUP 10071.3 ,150824,10
SUP 10071.3 ,150907,62
SUP 10071.4 ,150824,2
SUP 10071.4 ,160816,80
SUP 10072.1 ,150707,30
SUP 10072.1 ,150708,47
SUP 10072.2 ,150708,95
SUP 10072.3 ,150824,44
SUP 10072.3 ,160421,24
SUP 10072.4 ,150825,14
SUP 10072.4 ,151120,35
SUP 10072.5 ,150825,88
SUP 10073.1 ,150825,28
SUP 10073.2 ,170330,76
SUP 10073.3 ,150825,59
SUP 10073.4 ,150825,68
SUP 10074.1 ,150730,22
SUP 10074.1 ,150903,77
SUP 10074.2 ,150904,100
SUP 10074.3 ,150730,60
SUP 10074.3 ,150904,13
SUP 10074.4 ,150904,113
SUP 10074.5 ,150730,46
SUP 10075.1 ,150817,76
SUP 10075.2 ,150817,89
SUP 10075.2 ,151124,25
SUP 10075.3 ,150817,108
SUP 10075.3 ,151124,38
TA 01,1,225
TA 01,2,183
TA 02,1,201
TA 03,1,146
TA 04,1,112
TA 05,1,225
TA 06,1,121
TA 07,1,124
TA 08,1,159
TA 09,1,111
TA 12,1,144
TA 14,1,141
TA 16,1,117
TA 17,1,61
TA 18,1,87
TA 18,2,180
TA 19,1,135
TA 20,1,152
TA 21,1,15
TA 21,2,277
TA 22,1,94
TA 23,1,23
TA 23,2,172
TA 24,1,58
TA 24,2,185
TA 25,1,93
TA 26,1,295
TA 27,1,150
TA 28,1,98
TA 29,1,168
TA 30,1,127
TA 31,1,175
TA 32,1,61
TA 33,1,15
TA 34,1,72
TA 35,1,37
TA 36,1,158
TA 37,1,144
TA 38,1,8
TA 39,1,60
TA 40,1,144
TA 41,1,154
TA 42,1,131
TA 43,1,167
TA 44,1,122
TA 46,1,142
TR 801001,48,0
TR 801002,56,1
TR 801002,57,57
TR 801003,36,24
TR 801003,37,60
TR 801005,25,0
TR 801006,28,56
TR 801120,62,163
TR 801121,56,9
TR 801123,15,9
TR 801125,57,0
TR 801201,10,160
TR 801202,7,23
TR 801203,28,85
TR 801213,13,3
TR 801215,6,72
TR 801215,7,96
TR 801232,29,80
TR 801233,39,24
TR 801236,32,4
TR 801236,33,62
TR 801237,29,6
TR 801501,26,8
TR 801501,27,12
TR 801501,28,60
TR 801502,4,24
TR 801502,5,5
TR 801502,6,144
TR 801503,16,1
TR 801505,31,34
TR 801506,27,0
TR 801610,44,12
TR 801610,50,48
TR 801610,51,12
TR 801612,34,8
TR 801612,35,60
TR 801613,38,1
TR 801615,14,36
TR 805102,27,6
TR 805103,18,2
TR 805103,31,1
TR 805105,17,72
TR 805105,18,58
TR 805107,11,12
TR 805107,12,19
TR 805108,9,27
TR 805152,34,4
TR 805153,11,24
TR 805155,23,1
TR 805155,25,19
TR 805156,25,54
TR 805158,18,1
TR 805158,19,4
TR 805516,10,15
TR 809202,11,38
TR 809206,9,26
TR 826101,2,72
TR 826102,5,42
TR 826102,6,12
TR 826103,6,36
TR 826105,2,1
TR 826105,3,10
TR 826106,5,72
TR 826110,1,24
TR 826110,5,24
TR 826112,7,22
TR 826112,10,6
TR 826113,3,62
TR 826115,4,30
TR 826120,1,1
TR 826120,2,83
TR 826121,2,11
TR 826123,4,1
TR 826123,5,31
TR 826130,10,1
TR 826132,4,63
TR 826133,6,6
TR 826150,8,39
TR 826151,5,12
TR 826151,6,64
TR 826153,12,2
TR 826153,14,7
TR 826155,5,116
TR 826155,7,24
TR 826161,4,73
TR 826162,12,21
TR 826163,9,18
TR 826165,4,4
TR 826165,5,48
TR 826210,5,7
TR 826211,4,48
TR 826211,5,34
TR 826212,2,1
TR 826212,5,2
TR 826213,4,62
TR 826231,6,173
TR 826232,4,96
TR 826233,3,9
TR 826233,4,38
TR 826235,2,34
TR 826250,29,0
TR 826252,6,67
TR 826253,13,1
TR 826255,10,77
